-- MariaDB dump 10.19-11.1.2-MariaDB, for debian-linux-gnu (x86_64)
--
-- Host: localhost    Database: Regalos
-- ------------------------------------------------------
-- Server version	11.1.2-MariaDB-1:11.1.2+maria~ubu2204

/*!40101 SET @OLD_CHARACTER_SET_CLIENT=@@CHARACTER_SET_CLIENT */;
/*!40101 SET @OLD_CHARACTER_SET_RESULTS=@@CHARACTER_SET_RESULTS */;
/*!40101 SET @OLD_COLLATION_CONNECTION=@@COLLATION_CONNECTION */;
/*!40101 SET NAMES utf8mb4 */;
/*!40103 SET @OLD_TIME_ZONE=@@TIME_ZONE */;
/*!40103 SET TIME_ZONE='+00:00' */;
/*!40014 SET @OLD_UNIQUE_CHECKS=@@UNIQUE_CHECKS, UNIQUE_CHECKS=0 */;
/*!40014 SET @OLD_FOREIGN_KEY_CHECKS=@@FOREIGN_KEY_CHECKS, FOREIGN_KEY_CHECKS=0 */;
/*!40101 SET @OLD_SQL_MODE=@@SQL_MODE, SQL_MODE='NO_AUTO_VALUE_ON_ZERO' */;
/*!40111 SET @OLD_SQL_NOTES=@@SQL_NOTES, SQL_NOTES=0 */;

--
-- Table structure for table `Enlaces`
--

DROP TABLE IF EXISTS `Enlaces`;
/*!40101 SET @saved_cs_client     = @@character_set_client */;
/*!40101 SET character_set_client = utf8 */;
CREATE TABLE `Enlaces` (
  `id` int(11) NOT NULL AUTO_INCREMENT,
  `nombre` varchar(45) NOT NULL,
  `enlaceWeb` varchar(45) DEFAULT NULL,
  `precio` double DEFAULT NULL,
  `imagen` blob DEFAULT NULL,
  `prioridad` int(11) DEFAULT NULL,
  `idRegalo` int(11) DEFAULT NULL,
  PRIMARY KEY (`id`),
  KEY `idRegalo_idx` (`idRegalo`),
  CONSTRAINT `idRegalo` FOREIGN KEY (`idRegalo`) REFERENCES `Regalos` (`id`) ON DELETE CASCADE ON UPDATE CASCADE
) ENGINE=InnoDB AUTO_INCREMENT=93 DEFAULT CHARSET=utf8mb4 COLLATE=utf8mb4_spanish_ci;
/*!40101 SET character_set_client = @saved_cs_client */;

--
-- Dumping data for table `Enlaces`
--

LOCK TABLES `Enlaces` WRITE;
/*!40000 ALTER TABLE `Enlaces` DISABLE KEYS */;
INSERT INTO `Enlaces` VALUES
(2,'Prueba','www',100,'',2,2),
(47,'a','b',5.04,'PNG\r\n\Z\n\0\0\0\rIHDR\0\0\0\0\0\0\0a\0\0\0gAMA\0\0a\0\0\0sRGB\0\0\0\0PLTEGpL@r<ְG\rѩ<Z5쪖tA*ЅVvGyC1tj_kٜxYW8h=.ό;mVApDXOb N	\\??5i\nr6E#O\\H\rxhrǆQM幌r5ZƩWGN4!@`3LwWE/є\0BcZ\ZmfE|Ϫ$!>zt:~#rll\n~3h)SHt0L0ܞB4xϑwٙ`ԪXe%ja~0>lSo[t6d܋՜EȀBp5O޹d)[vB@\r%TыTe,VyT	GX$xu;}1*o;6Q0F2!5B(r0E+2:A\\̪k)*\r^7Γ-L#jj<s*-vK!CYF`W\rR,d5JeZ-|o)h`IP8+t΄\nO>Z	)Ɉ~7#ҺtŭUi[)^T >\ròM\\:3F[{)~\'F9pd}YzH߸J,vm<mN_J)egzWFS<RtWL}fQܦƑ_b\0\0\0DtRNS\0&i!E;YzWBr\\iɂʬɗ}¨ӾȧѦ\0\0 \0IDATxH/WR0)iri8hemEd?Is#\\U+Kotv!It܎&$=6?NJG}\'c~^157                               HUu^S\'OjuH$[\'{5B%Oww0sn:w:xxٶ:mmg	MM2D(+zD$e]S\ZD|^7ssU6_Y5uox=jkO5UZru\Z{>A#2hX,Co՚In6䆆J\ZM3은|	Z[\"BDri#rb`фӬΨ?\r:KLyh@Z\rwoh8YW(-\rhY971u;jaaCFqCE\Zr$!D<BLpM_qscp\'H8k4!B-DBdm#	r-LaP\"FmӨ\"#IHvbB\Zxt\0/|hKfzѧ!#7]8W3T8\ZyM¼\"!NaW>\ZM@0{}*Ñ7;͆GpάҒTM\n4Vk4#aw/o0S?k)+dIB* /(eA,p\'CO.]>/G^ap\'`BdL*λt4j:?:/@FSwnyG!!|B3(d䰓jf*[];y}^>.x08q\"\n>\\IB|XO3Dd1+\\D#k=SqY6V[:Ov&S/tnIRnazВ7+BѨu/V[RVUSH7sIƤs[Kh圤B2;`Bȴx,S\\*Yk\rXYmcųEfCMMƖ=sޙ(쇓a7%k.#uRZ61L%43\0Foy<k\Zq,IKNdEj24#BȍeY6$j+W*Bcm\0F,T$Y#F\\n3tn1#M)\rLMr<;`BcK3R-S8NT6ǈLR/	Ytm4DwO|~Lz2E\'2J@Sg9zǄJ26rV~	$8_ztZbz:oDr.ӽHTG5{\r︗	1Fc/f&Dϵ,QdfsEj痮^}_kV P!#Gp&LHx!U\Z(-Y!J!6+if͖8vqiF_>kiR,7v@cdC\"HFz{g]cѕBc/?e	g󇍽nMOO6hh$l/ح-dVJmxɘu\']Y[/և+h}B`AI~jW2N~/v{l1! )MT@x޾Z*]*v{Hń0xX)!v]HǓ#6`D )ythق螫Oop$a~\r!㮟e~IJ/ܟM@`:fRY&8|Xʿ&uhQ!!3)YBBLB=!6	i\\V+[lv{3A\07lLڶ\'11m$#S;婾|s	%2I;VsEX{2! ?M$r@4!]UoOwjփN;} \0Id.~@u@DޮTTJK;V\"1,R6~)I8.\npti%r\'υetvbE~6M}`u:D֮TBM{Z:!#8G+x,a͂ex,d@\0yM\"Ud[On+ODCJ3҄h\n&:)R*UrUMvzϒ˞@a;h&a;d2Md-2F>c\Zd>\Z}<t8K+KHI)oC݄S68_oS:3)P$8!c7mlH`$X3\'PЈ5N\'I%*֨[33:D9gFzq\r`gdcLaPl[h7	bc:4qn ]5QA\"\"f5X dVvd4v	RVipe]փ0/3rBX\'q <缯<>/ݹ\nCdj\n1d2l$4N7j_*,9~J%)p~D2~b:tyH_ٽ=6W dt2f|sgic/}cK~$z.u3__PR1n+ !!j\nñ DIT>P>\\}\\ٺ;oVO_K&7wÅ7>[˷Uk=K RoG9KMi	]yāj(PUj=PS#2\0.m\n3cx~G\nrŝwNvymF`aciia<>HѻПa#h?:\ZCUL?DW dSiIB lK\r&<.`8`_[5햞fڥt~}cv>/TD\r@ȡT)W	]vtq$\"	4ftĦr!c	!!/Bv|(oW/	Vע/_[{@N&E\\߉_K!Z|Y(jjնZ0\\EZY@XVWe14]IqI,RV	0aLS\\hȲ\\\\XOG/D^~2ݚ*Tg^ĸN0zƞ?tG7!\0rwYF㢳~r:@4\0|Y6Ī#\r A(W^\nf+9dɡGEu2_}{[[%M\0tBXzA\Z$(!9NM#.<GV~.\0d՘5\\$)芤,jʕrMlqVTE}v^p{d*إK3Eh \raLk`BFtfCSJPcG^xDXC-ӶÞRiCrU.6݋z܃Cb_A:%Y0_2j~\0\\Nt|y^k#7*&Cü\'6M%q/R6#E&R욑.vG27sigc#yGg=Yg)U*8:uj\"3|CZ E`xQb\\3w*H#&f}Ŕ`\rAMeA#%M񃴬ƵZ|9tFVCQf=}fxՍӧOPO4Bk2HD̛:K;uSs,\"YUV\00]1<~t}]qB$Ll?\"RUҴݾ108<oc6<:Oh`C7n;\'iZb\"ШA8*R~#%]%ͫ\"j\" )+{r\n}qlI7+,AnZ\r==QOc=9kG}B2zFEX  x<\"8\"b\rmApXYGt\nTB!5\\CPЫ$9\0BLnߌb~rC\"QА^ɹfh<nHG\"\n\\w/\\&#IbNh0`yOv%R~BD!uwSteB}\n8Xd\"$3\"=x?:\n)|y3aXްkks^ʰ\0DD 2Iò@th$>s\n*I|ǽj\r\'*.\'t:5 `8\Zd58.]BPqW˷y*jjh|G֢|$? )\'C4P(Q_ȗryt!DD	cUF*ksS]F2s0&NMe+OEDucy94^3#d긺֔K;W+5&,/CocFl\0z }	:<\'\0R#(AK\01<9,@dcX 7gcys os\"IJ\rH	*C\nA,.\"/[xIiPE<l>\nAPِ)޳8ՈHlݲEpu<6s$R\'uݡ9ǵPqRByqD,T:_W\rDԡJD}W9@-ڜC,ሷMcW[LG<6ǷN{z᧧AꃢFHPف\\AEhAZoQ?āZ,F*ko	.(rN!gJ\n& q\"_q\0o\nt!\05P__H\reFT3Rn6dmU8}okG\0\ZOO~*86fdR@Ƈyr&f%p_25@&[n#FٸպY5u)ewխ$a!Y6/L3>dd) ܅s~wLgn|~3Yl<6Q3H<A?\'?Ycm/o^s޿F.L	Pt44ŕJ2v3=otS$ARݹif LS$a&S<G}|亇;> W>?gcc\"a#C\"\0O H`GTAc\0PhjINtFqScb!XH^}!!9Tt}퓗^TPadqeqnN\0)J썮0?ߑ(\"AD\04C58?pƂijN@+N>\nxtB.둡N}ˡJe6tijWMK+o0}c8DxNlÇ_O$	5C82B!\Z\rTT3W:sl-Nq7>ƧFxߝ[sO[JWG\"cQ\04eXl\Z\"et$ZL쀛4HPH&j%9!ΙHdN/yZX:fŀ?nܦ\0\0@-0#!ոu\\Sŀ?e	\"8LgbvXdV*q!uK潌D:_.B?{>A\"ߜs}\\KEn(ʵd~s%2	mfIHW]H%TT\\ aRǪfbM60`xFHd~yts\ZA?~⽽_}oͮFQr+\0̇ ?\Zc¼\')˓Ј=)y/47D%Y*fIcSX}!;0e?ŕkCi:(tQD.gY5\rD#wx]]wyFh$ӖbeCճhvFf,b2sRҙSNlbe	\"@&]G,H\r][G@#iook/h;H@4)U\\Pa/|0#\"g)Z3/]-ykq1?	YXP4oR \Zݻ񛺛h*b! /ERB$yVKm;4h4#)Qkt3/c8@Ok(,O%;G&\\hM/M\n?k[&+b04:0Pd#<蹜|P\01X{%wHY~x-B?x iX-Q.r*$#BTB|X\nL \0hEӌTjj۶(|exz\\{ &$=bX9@P!(a B0 C𿯇xbG:\"h\r#\n`T2e@@vy0uAe#7%0\n[XDls*kVkvkXniD[E5B>V`j)[IHܡ2D|?X<#\"$@\ZjU[,`lbT(ZMV~;NHBQܚ8Bw#h*^_	>D46k*ԀFB)]H?`qsf\\h!u_┄B!O%iq13PjrCxB4?VMJP(iZ\\ľ1T)fH@<PNQ#qIlퟲB@q\0arKgQj3R8\r*Ye:N	 $0$\0&\\al\"RpfgU(hIǻ-SH3 %\"yPa+%\n{fR\n rUd2<Wlҥ뗮s.]]e\"DC@J(dpr5xJD<]F!5_WHqk^RGvt!z/ĚK[Ȋ) :!0] ,ў($:1UK\0Ljˬx7xvvvM\rY#dk;t eZ	Y\'=PH1y\"L!.PB+_UtPY\"%bXn\\3)(!n~tKɔO(tHB2H5N+6mKM;%BQt+]@8e	˒D!❞r90!0$\nBv$\'\0f8N\0!z^.\rR	\"G#taC=5dA6SY8 C[f.or\0B,($bLSyNz$@H!@L)R)75!o) diɺɊPbuwF#1IRdwCWE#\0b|)I6Drue.\nힲ\\ ![WZ=@\0Z9\r6+D1H<\"+EY0ĵa<$\Z\"	B;˚5S05wivoClw7=scpg\0\'H\0 d(0IpޤWF5HEJU	5L$n<LȾr@<*cuJ\'I_f9eyH)6BJ|1miMtMd!}sl\\BbfUȤaRWf%NY_)O!@떼lW!mwtv|k{{{[[{\n$\';Ц4_LTqBoօtf*\'&$$͗I̔mMlͰ,v-*3&+6TA\"SM0NKFl-9\'j>/y眼Y;tЯ\09l	pY\")\0\0 \0IDAT*d+d`9eAiKvBYON==ۄ:wmmгÇ߿Ν#!]z;(K\"\"Z}@lqZ抏(ERƘ2<ai\Z=;\rjAhi<{Ǩ\rGe<z(h7&jd\nXݜg+U4HC-<XwҭwT\"?a8㦳@`GXn7}HY:EJZ?a4fNS\0~MSgfܩ!U;A 6Cz	\"\0L5Whl/-@\Z\0 \ZpҗbD(\Zũ8*8xG6~;NJ,B\Zc-NH40-澖*(\"ÀO?\0;`MB,3w)p&Bh$B-pFHy94W6UrfY+\0`X\"`RihkYp[M& (h{.%s,=ne˪I8gO$F\"Bڠ\nj<}7,$5Эn{e-\rJ\"VBƀn!p9lXK.i/<o.Ģm2J *_.Hj穰ڻD\rd0\rD.kه\'HHc$.Qa<\\)W*\nu\ZDF˒ȘQc(6i3;R )FRB]}^Jf\"xJr@îP,4\0qPIB\"I\ZlT\rT\09\n\Z,eb0`*cXm6UZ=zYA\\~+Xhi >u܊!_pEIL! p5\në7oZ-\Z?>	\"J6認@ql`RS\ZAK^rc5pʐ3Ll$]~Ȕ(u4`\"Ы% @(,I=1^Aε)f\"ѯ#h4|1KY(GiFm\Z!n&\"Ґ]+S6@6܁Goc!ßZ~-OJ\n0L\'FJ1@R(ֹy\nDi\0TaJ</Zso*@Ak\0f(\\\r9è\"/9(=\"o\n@X~\0^1KX׮rmnyӉ%\\oAZ8DY~E!i(깬*4>.AѰl:S(v×V@4,]G?ݏW1PP\'xWVbrȹ\"2dt3jo](v3(l(,Ё4Qȝ<@3ۧW-02u`M\rh&xx*A$^A 0H$j/C\r$DZ=JtR=nA D%!3/+hR)~M+5-4M2r8}uw\r50&1JPx\\&Q\"EntW-	d*;vq8\'^%8⣷_->^D=_q3]boH\"-^!fipW:\\\n VYR I|iDhL(&j/.,.,,.NI(\'C4	V0*bd=\"RDQ5h}qdΥfb%#Il5^X\nxґ*>N$\rt<8@t\0/S=aW+B~fAWE6>ܜ%jH0XZ$&> !diG`z8G<7&PNHz}.k0~+*84dҠmv6w@v˒@g2ͧ?Ԙ;diT2ցpl|\'!By8qH\ZRNZp;;M+.\n4z6X<uK\\|߱z@zY͒U<P@G g:8L>pr`э=A0dq+ztUCqxɼ`GFñVkbeg,ĝ9SDci=TQP\"t{x-@HsB\nW4khaez|[\0##xVΟ?vcby\0&ۧwz}!t ~+,3):|ɓ[O,shjNCG$;vԎR(~+ӗװ_--tlZ?6=:=M2+_}L&Eָzcow&݆!C{Iv?xҁx#`d2Brנ]_ h[hbmc N\r߃c3e|ukA}jH:$99_4v/0D+X񑗝&rdnoC<e\rI8$Η}P^b\"/RO\'陱+b3|2ubի˂)#BXNt~suQ3x_-\rߺY|kOe;CR \Z!edc>ˤ\0D^ <ChT?|c_| |xqYxR>\0񹳞0t$qCnc(H/$I3Dmd.jmgxJTJ0zRmSq+1Cc*,<Șr ySo?Ff&|rDPD\"+NN\0bZqD~,o܁ƭn43P(t=\0h\"kToiF<5m	dx%2BdQ4vWrD4J# יm;ieZȐJ;4I}կF^1;c 74N%h_OעMos\\5G..#d|uAքR]0YEn:6DAAD:y\0qU)Q\" HLG@|)%\0˭ S\"./\0H,[&<,4\'0 )\rۀM0{\'m3Cčr;R\"VO*8\'9}7 Ȥ\"/zex1$y\rzd\0+EButh&LV5ۍ	sv\0:j6mG\Z*Ica07i=CB~l\'ͱV\0p!yAH$!@p\"#`Cf@!_ny_<K}dH2BY]@p>`APAYy<OF@ppUS)A]ҧxHh\0CׯbGG2<@4EpHǿ! EicqlCg۫%A-A<gIbo[9āJV*U&k2ITT0d% Ʉ\0${KĒOk{]~Rhӛ_Ć`A%>zYCܷ\r\\y+:s;a4)1C*.+Qt{lD7z׬)!\'Ùi7G1\n>Pxkkdf\0 6lA!tRtVU˲B*9\"$@FI\r1A$C!Ru[\'+z15@<xzhC}ǲ|IAD6X;]Y7` `Ab{jV9+9PD+pTP/DD̐Ǐr@8>>1ONw{OxpK⁂k|O%o?=\r2Br~IKu˺RHxbeɪ }Dbw\ZUŢ%;~ir5tt	LrzX5i\0H1=8fRCt:5\rً#ʐY|5DUҌ:l8~/.Z,`XuF X!uj%ewV˴q(2r\n@!tLZz5:>	ڎMl\0	1.=Y!5y{IxH{7nn7/+3eA\r-&bmanR00$_Oٝ*b~JC>iRyXhP]9T aҽ!@Vӻ	@UdS:2JJYC@lE2@* \"Q/rdS.$	gP!qۛR9Bg!eiRARApw|$ࢥ1^Z>\\qr^WB-&C\0\'\02h[a S6z.ʍ/=ٿ`\"^C2Ԫ~t.ϯ%4Ko.X=ץBjeI@Jd1rrsPWWj$)Ul?%!RH5+}BdB<0g%Wp[,/;~EaWHVa:z;6U]]^VZ}r	2b\r5	C`݅{7rR$L1! *\\CJgkF\nzפ@lE4䒥iR\'@\"V\"eƃ$u}pw޾MbH$bOK{##rRPG5pݜ-D~})!D\"PD23K\Zu2_wD`JǷAq}J@YbZ\"Xe9AD@; {`|X,>o\\V	9Us~?ø}A9v}dhP C>5LO5~t\n.zu5ʆ$@PeuN\n \0F=bCXW48\0\"I\"Ih퇎+0$~xh!W~=#J6(m;p\\gfqR|V8M{## 6hPluq\ZXyj瀴!>1[+\"-7\r6tHx<\n\reŸ8t\Z!IϏ7V`eV #ѦoYvf?ލ^7F;X(D,XxB}lж\\o)tI@:,rG\"o EP{s@8e+YK-0?$J:zU:)-*Ctr+\ZrUSNg(;6g7,Rv$LHz( [URx7e!ѽK7OcBO;A,a&[\'\0a\"ς+,--8W%˷KhHm)?&>˴}a}۽eOJ$4&m!%/c`vG2S3ċ>q`RLL\"|xSW<.L{(HZirBBVwghg\"YvP77\0/[zyY\'2XvqTm7Dp>/fDK*#ƫDҒr:uY\"\\FcQ9է\n9ύ]=Q`p8B1ҿqOiMp1.\"bxhĦlw(\0gzs;T͊0\0!eBt	!vzCr40$*%}>}O!@B4\Z\"~2GÄ /%NۥrH  c̘Bdzr\0C$\0RDj[	iqcS<hJU#H\'[s\Zr]+ެP1\nQ%$=(ysc75Ra_>s\r	ޭke!y\0g?-fǲjqH`Ut8C^@00Y?drnRNY4u	kND2P)WW;@,IinbwaΧ)`	!cӊd*AC,.@!8}/2tpGQmLN{{E&NM!*/+:v(	-IZN\r6WTJn播\r`!y¬SlqQ.~oyPAKSg%H2</BH8(84lJ!ӣ^DOT~\"RF{p>M\"X#c\0 ޵Grs[],Gr΢&&\Z6\Z|v*a¬ yqLD6_L	nT1#D#wjvM̸	Ԁ<0[d\\3e ծVè58 7\\z׎#!:AOY,(@\\INJݮh4aw16F {bUGL*@]<6. ȵS~@4yh%`:Z~:gnin}xB5wm&hfWM>y*rn*[@$[̄o9RXw$%TUfHHMpCdxvKXGӽd@))\"pvqzhi˧FZGss<CzUBh43)4y~v2,U!\0k{$5<\Z\r9d!8!Ǔ<\'\"\"\\$ 8+-\ZFlcSخ]ݯotwL~ftq*+㵊ھ/B>l<ɹdIl MmɢLS 9fPaE_y,)BO7(\nQNSp.U`8>%>($)~p;|s/IC)@t{QV\0G/wPi\\<uBr#$CaRi9rx=DSRK6n\0	\0@\\glb%e-R,8!rzJf\\j|	f]1HoD0Зvydd?޹z fH@0Qe$ /W\\f2Kځ\Z^F$r!L$d)ara{Mmyq&2XxR~s ҐeY,Bh@V\0\"y\'j6Kٰ}B6Ձ/7fkro}s>Dԍࢾsizr\Z+AnpTng\\+8Jȭt۫4Cn6F$wpD/dܠ)ޒi)CNN~կd~%\0h$YlZ,!	<aEz	{3BIa(šfu~\nݹb sOF-W ~/bs5  j>v|g/Ӧù!=H>GFӠ87wSYZjr	ʥdDDfI@puAd%ɼCXfSNLks_Dr-)FѢ5tJ(=|tRFU}bRy(ZaJ/-tCt9zX\n>WFVr\'U .Y\0W/$<9F*Ú\nRp\\\"=I0UK\0uijKV])[ܸa/7Mk>xX9;L=}8ܐ쥨^N9mpyсqP`+3377o0\nC\0z&~A]5K,Z\"lо J[RY6-)#]u\0G\'zxᐻRqWwC#WGȐ޽[T>a\nȰVQ1X\\2b0: Zx3y_ZA|-BP~G*3^9<W|٢$Ip%:ZB>Wrw>mi5	m]2%-	)+2,K,/\0\0 \0IDATR>422Vl8%,hB²;&),sh=󼲓IaYرz_\\a	tqi6_G)H[Ǌ\"{$@¡<`GqW}^Ƹuc nFrL(zVl8(2J;U\0ݥY[4˰OAAZmT7#[YeD\\:\'UFfޟךFiPx/E43<gh68%w䭫w\nI(r0	:d:lJ)ۂH!<Ȏ\'BpKG\rZUU++VJGTY/p,]GNcQĜ2L)~s@\\@T5lu@F݂⍌`da\"X1A\":avCQ!i\Z\rA/.Z]0%4[ Asx~~~t~]//}^O7\"#|Fu\0ͬp$F<??9\n#ZnE%H6To:fLi)aC\n1tݲ,Q\r\Z !x2w]Pun~z8f:0w8^(j)A\Z\rƸG*R\nP\'.(KM-z)M IQM(vnNtolWR}fGdJpJ@X\'K9!gOlMj5&FzOD!s0@)3vrufy8Lftb-=,Bhb!~cT(QC\'GkGOn<h43ɽm l:F`\\:A>Sw|Jџ[Ae^;x©XcpZƞ{RG\Zө6\ZA,_Nba0@D\"qA }\0<TSn;z|\\yzA\\(H\0>}k\rqL J5\n{Lf@`[;iBe//C:o˧牄m;zWUk {~fF/4qB52R~n	Ь\"St617竑 #*3E<w/N\0/@h\Z(Au\'aZ\0!<j?@(,u@a\"y\0i V#㜀I#N2{P[Yy-eMh2|$ѩ\nsQ\'xTvU5%pbJ։q4Zx~\\d_at?]K$R2NxHJ 2@=k\"a\0HF!`*졐DîުoT$Od,>\0\ra\ZQB	q!mfV/&v\0K`pyppxD\'Czˑc%W<h)%	2\\-U\Z:6j3Ӕ@?CHu<LOLoNOGy4!0\"@B+dXRHXG0)677Iu5InO`<LW	dD.0x_p5:3\'$hZY<*\n\0~LS221\"ϥ :<<H䙫WE20\r`#\ZB{#UÖݩՎ#~7PԔj$0ȍ˲Bڮ@S.[`\"di\rz\'X4Crv+Áu6X\nUTǏCT.{ɓq]g)D\0DWE]TPU\"4:.olS$_/#C.C!|g}ٺs:?}p!\\4i<t5T!*uj]J6h̘\n#_K-#@\\\ZB74\0o \07j X٭&qmEbC6eYHjѮt퍤l?&.p8pSy<xu6;y\04@ǝ#y4{B~R@e 8`;9,@v-U1z!.C< W&H<5hB	Cb>di^7<FN)+p\njD8~KJ؝ݖ*|-U/Rzns\\K=i|bXdȲdjw\nrz܁-/r7!veիWf;kq?:Ik>~%El~R|TBq ϛ\nH ᅘR(@ES-NT\\sgƺ9mX\n\\zwp6]BJŐ \ZHZep\\*X5It:g/4#)لd(tymz_Rh}>2\n@aBgakԒYfvEbڪ@.4\ZtMF2o2\rY\'Eіk1WfYm.	E	&\"n\r~h\nqLU{C˪DHiT_mǝa~wmiY2/BG\"xo3Lqڛ򢛟~M[8Ƚ%@R} \nAL쏃fHu^C\'gmz\0Bwq(\\uEA.8* u:-c&\\nwyh4}9Yـ9{ DTMD90L(\nx\n<SlT\Z#\\ףsWj|4nC\02zZQG:v(ŴJd\0D?)lR6Y(ƭ0m#г$\"\03n::Zĵxk4|\ZQ&Y\"Ě2txlJ%Avu8 R#4BT6 wnNZ	1ehgk~z Ow2cea~cw7)Kp9@x}<Jo~¾b(!V{\Zxק)OBd1*]\0]Z\\9M!W`0PVךuf\r@rBA%0EfUl/,Ez#rVKj5hYhƬ4<vוf|OȵD\"`Ԗg_)dV82g29O\nM?(Sa){O)V]}&4Cqg?TR\0rXY0ayG\r2KhqW[.9!2I$L[eb%a	O:c$I\rbIHB4Yp*Zk O ˗\ny5/(DV\0ڒN%b9UYbQ!D \rݔn*im^7\0[O\0WⲜhc\Z`4` A>!SH/r9rTJ^٫2/	2Cll6)N7g-2%>}gϰGW0r,f}cT56Yp~Y_[o)UN*7ʢm =[CtӁ\0YWzO{2sǧ>xZkb z0<yn۩[3J$DX+hh6Ǖ !wb\\L\"Ǧ<,w_% \nή)rU\\u{ӟ>;٬ori&\Z>\0nh҅vKҪAA\"]%w<tx\"%a/Ӟ&:Y@lY\r{r\nd\"Gr&hl]\n6r?ljjO6>_<HLغ|<~XQscLNFYj],P#hl&G@CO	I&\'cZ[}?^$cp|ƅd2ٵ<YV:QDA,\n­z|qL75z˝)\r Ư_XǓ~^!kٖ\r߃\'szcb<qc&b!_YXR;E\'(LXN|i__<t\0/6cq`DH-;?^ȧɻW+e@tjv@9~Z>mVA>I]<v\ZKyK#ИL\ZV k,߾}l$\Z(`⃟nܼ?+ː	?wwr*ȫ/U\"_8R=Rn;c?{ǁprv}-|^`%I-}W4\n*XT IloAM\rqe6]r,,ˬ_oKX+};!1&Ek7ݾuܽN[^?&a26ZV\ZD!cr\"F\nYlq2\0EYUْ%Áô7w3movBQVPAnbxϗW\r*d,|N|T\n] oi4p.g۫z`pU$k@Nj}W%D2l&DFS^}ǹhHVyp&9߭+c5/<9Q#0\'%D K껪\"mVl_TX7Lpݒ7ϐ`:qT\ZtC@r\\h4l/ͱ@n\0I.1HڤjB`N%DFa k0Xmp08\\\"zD=EÎXp\ZȫL^)UBFcHBkV7:LSbWRaWe$sn)||D^!Ƌќ\nv:#6.x?\r3`T|:wa}̝O\"i\Z̮IvO=ut	2mtlE3R?cb^\0\"m@	h\0I94d9؛e}},6/6*>|yz{H)MFrîwYcbFp\0d&VsCdP!T7&LBB{pe8\\|rmoi$uCD,6Q\Z9v91+@@ #hJ],tM_GZZ}EH#ؗJAwiM:zOZHQbj$0A5?l\"VH@\"xQqeO0ז-eu\01<ҋL5c?=wTWqqs!R4 F5\r\Zp(kFc B|BĊfDOVY4|`(blhykvTp(w	\n[ǚECDxP 鑂?;w.)humں࿺J1\r4kd]]FMl6˶4f]tO&J><))},V֫<5Z11۠U@q;\"LkXlt\ZxU$eɭi_.ݗ^zΥ^Ro[\r^NJW5aM\\^TԽCaz	$=3&LA\'\0dIe6Yrpy^Z\Z##ysN/ΚXH2q\nk>\'[%D@ڲb9\"<4;HP{ުq-ћ-$uSq* Sc^eiѨSeXn\"y;8aiC\Zh2ᮜiX74;ύPh\nl=`SNY.<*Vg4cG?^&l7iT}j{X;\nmSzL{AS䔮&@B4`<`?zqÈGG@\Z\\r躛vG\nI\'B&ߔk@ sScrFZH>\'2,jZA;;b\ZWKNsV47Jqd.@J/e\'&&B}-#oDv*VJNrU$yp6Y:d)\nY;H=fO&BrewO}#C3ZTNRs>|V(E ERI$bS]~omQVKr%/#4*HqGFfe.\\\"gD!rO8Xif<l֫R0ҫxu{<Dn;w혶\n< \rUĖȋ/)DKC?XI\0Ϳ5HQ.>\"V B:Z`}בudF`uIx8o6S9R4eMa<ϦR쎷+b	\\ݏmRhŶ;D@~A5/*^,B,:$FۦÓ^\nMTX_7I9J8ZDkδMf\'pn!\nE9/\Z\01b90\'\n>Yp\'|$҈4r@>n`bn%3a2>1Ӥnyf_!U#/.\n);]J\'[+P1.^22s~Mi\'ihK`i\Z?0%\"p]׻=4.\rer)ݝ3?=25Ĭ\'%Խ+$%/lp=uE\Z//,Y&b4e t^ H_brF0B4Ҏ#7jMp|5{PƃkkE|!xI_L}o@f~ҲAi%u]U $%*O4];ӈd}GiwDEċ\"! Mv|K૏ܓ!e> ;R撓Ze#_\ZOtH*mWP,F܁YOQǟ8@Vx2io9#5T*&\r\n0ܸԂ.ʕ0J,C{0JGr%8)G9;$\'d$iՀ#k@ODAx)$&GN_8]wF1<Uܑu\\jD0eӘyDp|I_*\\&۴#B=h`&\nH%[A)]03L\\t͉~Ϗ\'[ 3]\rN:PR#U\ZH--Q&NBCC1#kM_I=]U1&51AihI\"e;\\-4~H\'xd9t(\'=>$,G̄($BhN?2vX+y?]=M/Ɋ(dE/JX!R竺-Iتզe= 7kqTS1NڐN2A!H}q71 yD]<LUYOQmraeރ3w~!mYQ|XX+ܗ>bawKI0&4 2d5(0)f:/t\Zȝ$e&ńe\\(EԧCYd>n{QOsw~`\\iBCDdJ=^v9a->TH|;t$O,VA\"ɍǗ|4d߁Bv&?\0ds*0K9G@<F2kno#n]˴L NAvO?nΘb)^ċ|?5rjR!դ#bё@fİW쥼希K5xB%/eIJZ[=\0GҁH=|CrN|U!n@ACR`zBS\ndPD%;~j\\G\"F*p<-#\"4]!ZP!i*@Q,V+l˾w$Av q!&%8W-6ȗo{~\0b(dڪY~e={Z5:X\0BБ\0t4xJO<X\ZX\0\0IDATfż˩rM]_}4`(e@6xwtU/\'.\r/Eh*\n	V[$dM|i\nYlLDt\0\rb~]DlsRe0q\"5+x>E?z=l}rTkh.K xv;|gu\0i:NH\09\0r@bG{{otk0]nw>6t:_rZf;f\r|(kMR\Z2mC\r3&;,FH0U%3.\n>2P1ǫM}=}nVO	&`mLu*D!j:a$^5ѾL:흦Ҵ|XX\0kP5ޘlIE\ZEOx/>˷\ZBᾮq(bm G\Z\Z@y	֫A]0g{-|sVJ*	nzL\ni6LyHxR@\"<yG,ꋤwQ7\r\rqDͲD\rDx5ᛷCCC#ccׯbƁK\Z|gX\0Ƚkv59b8ܛot|	-_\\_(/у@v\ne6yE2Xz.ı\Zz*˲JMŢ#i_8:ȿ$TY*u9Ĳ6{ibZa#\"TϲlV	DQCћRsɪ\Zs(͑~`>FG? kӳ4Vu$=ýK$GQ.ѡ\0B\r\0gfKnTX=\r&N\'\"rr,RI;P!&brFEWls\'vw!\n)g%pM[L߹SS^JVx՚ԌK1P-47rwG\Z> &n\rTڬN nS۳CArG zW<YxKc#!C)sen!Xx^]p$+r8PqLXNٟZz<9{Jᨶz}^O(C`DwHpcVTQЉpIUйU1Vʧ`֨1EW<;k!k+÷_ eB-ftɹfRLOw 1FLv$b=1׬N})냉ZrgCѣBu~!	Xx^`\rT;\' ~͜-:HLi3J-Tq\\X|Jwi\"B)Q*zfAF\'6^l0--,agLw7r(.|2O_ӭ­IX[4\0 O\'4n3-c_s;zЍmn\nAx)2eՔHA$_86FXx3ykLQC1f};Ӕ_BxťR6\"ËkE$T	v?h+3\'\'})Zhi6ݳ5Xlt#ײ}DeyM>\r,CSާӷVVA:y!~sgwd7ur3\rdTb] ]R]Hn9?q$m[r8R1tvq|W2:R`䜿!l<^g2e|y*^iA*Y$1$dOONNY2$IO%RMQ؊,Gdγ|#@E*m;9y{\'o}O}MwPt\"@L}\"~V]20|U\"D! Gw	\"&.Wl̳o~k@eϾ\"}sISo6)ʗwʓTYX\\\\SqKY\rPIp1եr1٫2Z>\0_k&K0^O#B6<հ-PY\'AjrhUp!yӃ`\"Yz^ĬͲ\\wpI;63*DJ{	mrvPC{H{	 OS0ts`{Z\rJgvlf,V5ۗ{FZFt7F{\\ЋC@g~izq:6	zyF|<{3ZV^w9=JdM7tqCLN# :S\niPH˖0UlU?ݷV\'.<St/	ǧ0SH\'[or\\o_J!#VK<R+l	)4y@o0?<`ЧN}@B.] (K1CRA\Z.OlH+,+Hީ-~zëG,j%,6,<{W\Z&P#\r36)8	NYOeSMvGj_,6vWHNY,Dj\nWcUd{+iS܊$*3y@J?;Dd6x[FQa6S8\"j&Z4\"-KQtAKh4\"Q\0P2LxA*ǫ\'eCNFT}*}4o&hY!.F}\0[xgP\nAB)Mҫ#doS@dUՍWfIXϑUls{L£.]7**{K1\'1	\Z\\H*)Ř@LdqT:wk?fB7tv7:K\r(Fx\\_nwLS4=;H\'q^Ņ\n<ڢSt$pZ,^5ȯ:,HRM\'qWq*W9@ rê뷵9s`%=řq@swKo1XL#k<xO@Sè70xq^]6e˲d\\n\'gUb\ZI\Z,F\n!A1ܹi߿逥,o;RB	6E&jxВV\0>R%v.:o\Z?KRoze:Vw8NRv9R.\\@]o͆H\\a\':6(ڬjc`+\\w.;U,0%$b?Wu#?om._vxNpd.-Zna(\ZO{#M`XHAXt]HLSڂ=WbWH%;ֺO\06r:,+<+8zmWU%=>XJ:uj	fݻw^\"! \'#;k9pv߬6y;܇\'KV3>gMLO9yxh;vB0ȉpnλ28|?e^cU\"cYuKM&_q5L6̃eR@Dly3Rh2 (D\0It3ADR.dgE≷3TH||ώ#߉{E ɇ@,?*g쑢[z\Zr%kZͫܘ4_V7T	\0u(VVD<* xkWwFWeѩTw!%%a*w;%]g	Nh\0lHZ7QC\\Rm?NX\n65Ǐr:V7]\nLT:	:O\"s允B\\8 [8˔\ZEǦeW_%PW녓D[Qe\n]U	NpvF)\'R[XRJL^㊸C\no\"y\"aAJI9\"<O@!X<b-?xIlx136W}}\ZO$S\rxt \085AA\\\rقm5\'?^՛_@Y]xE+XG9ч !8<*o*p]Ҏ6	ʸV LJ\0a\r^)Zzu_u\r:E\rgm/5~s/GNۤE\'\"B\\C3fǘ_s7\0,\"*FIijk堠.Jx\ZT4\0S[\"87ycBq2Tۂ>r]!Q!r%;-qgt\n|ctW|-SIsD[\\wiiff\"x	b61۪B8ȢF%ZNzOGCo6k-t9qu\Z~@}Ey.r9l~\"e?_HD4Bĭ[&lGi2%(YSWMLt@N?@Tid-^\0kwƧKF\"3Pl6͍DU!`ፒOejtWԶ儠N}SBm[m^۶8Y$t{lF!dur+8\\f38\"/s0c\"(1(s~IewY\')켯{ޓm&_|Y >s6po!_社_ӕGTJ\ZS2ho^Zu[krFQL0(~8:3yfY[/=9At[I}~VyK^P?^_<HD\"F&|{̅1Hڨq7<L\"gUd[IfawM;U{\rBT۷-Ob#TݨJ?VK1Gu#\rz3\Z\r,jujuE^&\"+覦̱RGSF!ri_L&WG~y#+\\lirƶD&<=^SD1:9ᓹvҘ#֦+a\nqYTZ3	9kv}w;)t!J\\.dZ/e~\'Y\"%ۧ(\n]y\'$lGkqל˘̱f./y$W^%IQ*K4V.^l:5$q6~Ջ(eUN^rQqjSjȏ.zWw)&_UX\n)\"Gtj0b\"kP\nLPXンO-F6͘\ZW˟ɚ֖C	k\n}<ѣd\"Q.Tc0!LX^\\O\nǗȩqܺ21ihwnVo> 1$n_sXb\'Z	x6U%\nS(xٵi\nD0\")݂ӬnQ|}ϕhW)mT3h9Ji\\r&MSkj[\ZfhCo~7]-j{\"\nX?{K-R2e8JZG7lɡ_^p*\\&Q*U*a-J!\rQ$B2_bN:%^]	yw(TST$M{祌^8ބ߲x{XL9\nJ֋RXn[qR?Ln>,&ֆs>;=^/:h hzݧ\nruOcwsyR/\Z2{\ZmԏO\"\0\0\0\0\0\0\0\0\0\0\0\0\0\0\0\0\0\0\0\0\0\0\0\0\0\0\0\0\0\0\0\0\0\0\0\0\0\0\0\0\0\0\0\0\0\0\0\0\0\0\0\0\0\0\0\0\0\09\0,T~\0\0\0\0IENDB`',1,1),
(57,'a','b',10,'',0,2),
(64,'a','b',4,'',0,2),
(68,'a','b',5.01,'',0,2),
(69,'a','b',5.01,'\0JFIF\0\0\0\0\0\0\0C\0		\n\n\n\n\0C\r\r\Z\Z\0X\0\0\0\0\0\0\0\0\0\0\0\0\0\0F\0\0\0!1AQaq\"2RB#3b$CrDS4ETst\0\0\0\0\0\0\0\0\0\0\0\0\0%\0\0\0\0\0\0\0!1A2Q\"qBa\0\0\0?\0߉gS|Ig\'ՀğVO?Ig`>$\03X?~X\03O?Ig`;wՀ?S?\"~_@wߗV@wP*3^_ՌVI_yoJ}_Ձv_w`6_	_:{@>,z\Zv?vk\r|_\0XKl	KX&ՌKl[i-[ix\0݌Q[=-=-t=-@\0`P\0\0\0\0\0\0`@.l@\0\0@l\0m\0@\0L$60(\r\0\rv`6`Tm\0 \0\0\0l\0&\0l\0l\r(\0\0\0\0\0\0l\n\0\0\0.l\n@@6\0L(]Elll`6`6`6\0\0		\0Fl	\0\0\0\0 \r\rP\0\0\0\0`\0\0/\0\0*aT\"\0U\0\0L	]@l\0S \n\0Fe\'߰?L/FC%0(\0l\06`@\r@	&\0\04@P\n\0\0\0 \0\0\06@P\06`]\0*\0\0\0\0\0\0 l`(BsQNOu(p7zRT2jҫV,wIxKo5-ST#ՙⷶtžDOuj][\'ݯǶIY,zkPQ귬_XK\Zeð6`6d\0\0M\0\0l\0	\0\0l\rD\0 \0\0\0@( (\0\0\0\0m@<6\0@T\0\0\n\0\0\0m| ˖\'5^=áwN_q%q5P_7ǅRvM}ʹͤɣ̷O l@dMuGv+\'\'1UӄS\nӲ3>$ \0@\0]d.\00`F\0\0?\0\0@\06`kހ{쁲\0\0\0(&l\nЁEv\0@\0Mv`6\rv\0\08|v^dV/ h$αYb\0	jvjtj.1s+yk}ѝW%}Mº2r~O>˸N]=fٯHk<F_H/\0IXk0d+U~􆾫\\_f𥍄IYsfw>9\"ܘ;:2\046l	 o\r\r6\0``<\0\0ll#YM\0l\r&\0~TPl@\0\0 \0dE\0*`\0\0\0\0P:q8%MRsxYb_7<iq)ucjҾ?Eֶ\0]\'#\"}7)2HWV?nk/np:z{f5+QI/cC-|~^\\V/%OgM]rx//K#CTꪣF=^ĞۑK~:sdL6{\0\r`\0\n7\0\0\0\0\0\0*m\n\0eJQ6\0\0#aQT|0@+(d 7r~y:bz4^Neԣd1=)\0\'\0r\"gZ\0ǲ;vsoߪ\']\Z4M}uE§\Zv&/C.kje^Y9S	nWgOD׭DR	?Srb7F2ӌ~l8L#j̉7=}I,-5\ZǋahS[*DјjW;\')sяnmn_u􇩾f`z%tFI\02L\0\0l\r`M@6`6`M\0\0\0	0\0\0\0(\0X0!@@\"\0:(iUD^Ĝ\Z\03\ZcSz!2Vvw+}Icv!淶}Osv^[q>\\=\0BQ\0B{#[ɪѮ]hgl2Gݨ˖\rU6?G2EL8ʵW˾Jcdv:{\"8r{qWRshȯ3#yEI{?1]No%c6OkLwq]o54#SheW_f|ݻyW.>\\Oh5iiwRO]?Yn)&7_x-</ЃBN8y>\0ĳ1~vGn:e((\r@\0\0\0@(`6\0\0`6`\0\0(\0 \0h\0\0(Gk_\n\0~]WؚkԳ:AUa\0eLe%>cr6C\n#!sA+?p_KyZFo1f6#cOkxӯ_3Ү?9>ɦ?m?V=F<97zv۩z}\ZMQ++Iv_,Eq]\0ir\0 y,{%q[4Ke/?\0nK\\]k{.29y]?cn=%ö[هir4ThC{e%>K>/.%/q#m%F\ZǢ{ 9i79#o˔k5^fbc\0ijz&EyvfCµvA9>Qohʦ\0\nl\0D\0\0\0\0 \r\0\0Q6\"`6\0@)*o^`{GdY(\n?<oN⭵~D\Z3MMKW]/Jg{C{\'4EyKUw^QT,}\0y>܈(Fv1QK-\"md#8mܷb87DV-S${M.qJv$rUrd8W,CoԈ=cBzc?b/AwP2]^5^?55Q|{cOrP_8>cKcRpCD|\0\0І0W%\0aXCST~QCiy\ZQi\rW}ܟW <])gtͿ$WjZ}MNFڻ;ƭeĿ\'J~R}ǅ.W-;\\b\0v=^Normɣ8R:irein1[ȚӗHx_Fte@l\0*Dl\0l9h`@\0@\0\0\0\0\00r8vY\'({!B9ڻ+Ǹ\0@xAD3jz~n*U/cg}c/;/2~<US\\k*j1D2R@\ZMiݦ<?	<U^C]2i/xʯ;_n;dp.KuU~xK9?\'g,|lǾ%]qcՅ`IzO9z_9zXrlyW5Fkb\0(_%j,@泘񞆣CkH+ܕVlS4!D}R]u~CK~[3hѦ_ƶcV~[.G֔ YݛY.s׽1J+Ix#3P\0\0\0\0 \0\nl	CdE\00(\0\0\0\0\0\0\0x̾G*8r_^Ҹ5,u9%ޮ|ًҸ^roBN	?}^nTq1a(ӳ~6j)0QV:#|ol.!Ѵ\rъMd1\Z>{h<\ry>jqIuBG}\0nU*y=VǫXyRFs\Z[y*Xܷn%ȴ^em_ȫ>\0eJ\0\rQsxx@z鄾Ѣf~dRh泑_\n jyy{.v`Nc^\0\Z[(V7ׅ\"n*\ZPdf-z59M{&\\{79Aj1Q^Ʊ@T\n&Q@*6 l@(\02\0\0 \0\0\0\0\0\0?q?O`xnzLڬ{;o)\'N;/bH=cMKP_vGz\reh\0ߵgQ;t/@tB76F\Z\0X]Q*1(<4,JG]R_?̇sXu7ϯ+vWJ=G\"+TR]7κ_O/@\'~_\0|z\02	zV<c?@6Gl~CE\\|夢=~.jV\\7ed}N^?W{|)EE{\"2P).@\0\0&)\r`\0\0M\0\n)\0\0\0`]`zg9k.~\Z/ņ6<;տVQ#*QFAÇJn>fU=DJ<~[o;RXUdO 2kC3WUtא@{6QF+b50/x5	rfqUJmSZ&^wk\0nW/.]uZ-1|r}vҔ1F\"ʣs׌S򯊻?Qq7~G2\\>Cи6G~?6Gٯ.Q~1HzWe,EҚ뫲#^ʸ.>we5^.5й[V\0\0\06\0v\067.\0\nF*T@QQ\0\0\0Da@Pw}%b!<8^ұ_z T:(y	ŨX}\0ԃǦ5/V(Gkkfm-rM^\0e>_ke4vWԣuWeyKP:kGL2=p16lXAaW`[8&1d\\dO>=-,d)XyOƥ%L>}[M+;=~%+/#eeGLa\r#h(\n\0@E`6y(@E\0\rED`\0\0\0\0*\0*)\nA\0\0\0QS1}}_QBU_vZHΫrƘ|{g$ƘK>S69)\\ڪ=e/S5_y{M-)O*f1VWR/ܣrV__:ỌL2:!Jzndl\"6L4EU}\"^,c{]2+/xvsg㮪ڗ2`<lKFUS(YIP`P \0\0\0\0\0\r\r\0 Q@Xl\0\0\06\0\0\0P\0@\0`\0QBS3Nuz#!$h\\K+_O~,h\\S\\!4_[ 2U?Ő~<\n)\'7>scӨVWtuՕQ^WG]Yz(3ueP:^5tWUV3\"R5$\".C/)5/TQh/N#Eu\0~m{?\Z{}4^0\0\0\0`\0F\r\n ]\r@\0\0\06\0\0\07c8E]TK&]no˹/J?r\0fd̫iJԼ5\0}\r1g;ajUY=xLygj\0nߠ#A>vvyՕE_>sCЧ5zvՕ]ueG]y[R\'éGUY=|J:.ʲ+ʲ#ܺ:!4tC A6m[#b L0x?TfQꗌg.?8\'ئ\rk-+ʷ~1?1;+p8<V\0Č<#	P Ml\0&\0\0\n`@\0\0(\0#\0`i\0\0z(]H#Əo?^=o\nto\0SUc1\\YoŜ>+Bw++׫BV	w[c۾>ο? kȲ09M݌k\06:ԹKz/i/bs]s(4TtћԨ7ܪ)O#tuՔjUuג^OtuUQ^S(/ڲרutאtWz|-6p6r\r3ئjHс\'\"]KiJ\'wε?/iNy\0QG^+{ \0\0*`<\0 \0\0\0\0H)@`V\0\0\0\00*\0\0`\0\Z0\0FDU(W)W_m{ƫ2QAU}zxxV[81 ~JRI/uK^zȭ/\"43ǲ	dW(dGl׏Zxȗ}zx4BpBG}9\n\'ܺ:}:GUy>僮rrỤp;+^GGD/z7Bޞ mnVgHh\rCjD^#&~)Gó|~σ.TѨ1쟴S]{-X?Ж+pzJ2M4 \0\0*`Mh\0\0\0\0\0\0K	(\0#\0\0`P\0\0P\0@F\rlj\nP\ZiE~{q!#V4oFFqǖ\0c$Yq=xu\'s:=#himdB1ꃅu0~1K>O\Z=`V.f5u&ףM.GNn׈W}JsRS.u4uדX:jeUuUFʲ:^uՖeyK=:a^@FڽH7Fp.+3S3S.\ndƣAnsk7.}l_EcrfR62&s00t΋ȸA2(l\0`<\00\06\0\0\0&\0l(\n`T`Fk`y\r^ZڼLuʾk\'˦OU9U}j>:#،\r2(\0{{U/f{ʱx܏]b=)9IRlcd-Ŵ1yҟU]1`Uؖк=~B/]J=*3|:FoO;GUy>uW^Ob:.+ܣ vU0:p:k^6m̃b`f@i0<c|7/KŮywU~+(Ǵb2~#ŽɃN[<-r_u\0%ѐp.R\r@A@l\0M\0@(0&(\02L?\0#\0\0\0@iի+yo?6pP\0򦗔[\'>.sH#Z7\'C)%ŏzcf{?R꟮rȝKerd`*r^\'5uM)^5]j_=~A=u(hrr`vU,ud?R$=uWK:~\0+è5{^GGD/^D.^%ci6ٲ+50}\0xr9J!uR⤾q=k^?[M\0=sk?Q>/l@P \0\0(\0%\0\0\0\03(\0\0@`\n\0\0\00!\0>m}[;,Z%5ƫ۳og*-qݖB\rlh\0@\'8=Ŵ9iMzQasUؖQc秭2i\'vWGMyK!GUy>uuWԣ%z]0t/|.Pcn63˼0:j\Zd%L#;KAKv|~Sޫ6;Cqڎe+?}%$gː\0l\nQD(@\0\0:6\0P\0\0\0Q@\0\0@\0\0c*JjE?./Ne&\0ƫ+&@4\06N\r87mm+:TT{\\v%\r? Ӛ@7QNba]d/R=ˣ=:k(\'ܺ:\Z:(+ʲ:^O@:!]tB|.}7F6Fу5a4DS]d$ܤ#Ձ6Ž,x?v~F()oͶ>Og+)Yn:\"^7%W%s\0efؗo+U]	WdzJN-~\0\0l&\0\0\0\0\0@(l\"`P\06L\0\0\n\0FA\n+dt}ƗНq#@b@FhS@XY8Kqm0O+:TQs5ؖewSQNb\Z;+]:uW]50.QVS\Z:(+B:Or:!\r𿯉F\\qjl\'!juoIEtvX\0v#4waʆ_.kV\\ֺ~X/ݏ@\rr5N->?v?kpƌߔ/RX͹\0<~M\Z?ޒ%\0S7|&os2j٦29\0\0\0\0\00(d\r6\0 \0\nP`]\0c@!t+w^\02u>\nUr[F. `=h	&Wez2gUT{|&]? zNgP;.]5?R:k\n%?2:k.}:aUYoԨ+e{^R(UF|\\ƥ=9^2~HZ=#X45veږVFޒ}!w;bp\\T߉G=^W+;ՙ޷ۏ/f?=x_ם:|?C88\0\0@ \n\0\0a\0Q@P\0AvP\0AH\0\0FQ\niW]Ee\'%hL\r2\Z0@ģ-4h	&44\nηavVҳԺ{5\"R);i^Gey+Rt#ܣ:aQ\'h\'éG]Y~Ue{^R\rIo~\ZEehO=?}{\0[\0ˢmu\\@P	@TߐѦdqkw!%$7#o\'s]ko?7ғƔ_ܡ3fd\0H\0\0\0\0P\0\0\0\0	@H\0!C@FWr\\{\"I/\'YEsN4έP[\Z@ă11\0\r4\0+*IY\"=>Z$Զ]GUSNgGuYGUy>]GL2=:+(#ܣ##r\0roYYnוkoP}7!KIEi$hzTfUޟ]fA2M{`R\"5\rb\\(|)Yl+&R^mh۴_k=ĲLHdW7wNj[\'~]{-vg;x33o$?9ZyT\0T\0\0 \0\0P\0\0P&l`&\n@/`xY|moS8:}sYGӤ\r2\rRDJ1q{\0@+*n\r4z|ҷ]GWbN2GFz~eGu9]{v՗]uQ]GMyԺ:k(GMwK,܌-%~k)_Im~.sM-\0=nE=.WQӚRd)%u|lZ]H6.2 h&=5ƼNoDz۬~>o_|h{W\'9cS5Rj\Z]l7<Or%wZxB	W=rI_OW\'Lyfi+q*.溨GMn5|eJ-dS\']~=|.£&l\0)l@\0\0\0\0\0`R	(-5brx8V(̓bbyVP\n(`QA@4@M\0h\0VUeopA78iYꋨq9XM&W9?2s=0rˣuWwOyGUy(ǑxvE.Z>g?ޒZ_\"J=NZKZf5\ri{z^>{^-z{8ܔZ]\0i͏A^B6yn2Dgi{Ivwm-B!ˮHU\\|&㜵ٶ˴eYSX旋g߷\0y3$eG&&q;|Tcɱit&ϒū5GΑ{Gzz~cč8\Z7|HAjS]#_|?>K\0uƃ0\0\n\0\0\0R(\0\0\0B\0\nA㩤f_FLW~ڔt⸭&k)DLdF\\. b1q\0b\0\ZhIS5~#!4(Ọp;jr)uWU㫩?m[EluGWLtzxܚz5ZKR5_枖j#bJcң;RS֘U5N\Z.vY\'m~th\'Kuq1M(,<~\0o??o;;cAkx9czׁv\'>7mi0oyvN\nۅ~h֎9\')ioŒX1חsJ÷To#&E[Z<_UW\0\0@M@P\"6\0\0\0\0\0]\0T @\0P@jc~`yY|4_ޏ,W~#M̫={(\n j`jp0h8E4@	6UuZ%Fߪ(9HM\'mQQwSmY~vәQ%,Xo(>5eiG ۗtzܛZԼ|J=^ZK_{k^\'0}l=.k)xaQq9X9x+K//_Z5S.hw1֟ê1>D{B1iNw\\ٟ\rCO&M*앿=o/\0j;+O9w7ұwc-ol;5.<}*e5l֛OL\rD\\m#l[pveھIE?Q__=1\0\0Q6A@\0`S`6\0\0\0\0\0\0\0\0\0E(l\n\0H91(}W\r.}Q0yv4C89lǡe>hMUAF\rbEF&&\r &@\0MW[%=ˣ#4ќ(1t]G7+o~rP2#kq~-vӞ\"1y=y5(yVZk\Z*g鋜ߴVt~q[K#Ok7/=?c	Vo߲}g>Cs[\'9ykעE\\h|N>FENvY/ezGv>w|1x8J.qf֜k4ܗXhUֵMW\\F\0ƫ,^ɛԏ=o?t`\n\0\07m\0\0\0\0.\"\0\0\0\0\0\0.B@\0\0\0޻Dy|]qFlmC*岐9H\Z\'S@jd\ZH1q&h	&\0\0ڞ&Sqҷu1bQkأ#)N.\'#(h0 ^Xϯa~PZv>|˨/sZ={Ẻ2oVfz?J?fz9uDVZ/\0<,֥Im8sֺ4ya\'/t.mW)uw޼t{NV>#w/t?gqs+Qe5kZk9Ar(vCz]\0oɎ6Ec\0BF\0\0\0\0\0\0P\n\0\0\0\0\0\0]P\0\0\0#I>,.Spx\\u=J=<cW-hyV@\00q(Ţ\\J#L4@@ P	ڞ-zXNIoȺ=Lly?t\";L7k@eh_,g׀5/Z\n|\'Oq%Rv??z毣GW&öod7\\rN2qgϧ_paFK}MFp{I>|^/&E{of=MYxFcGƲ[)k\0|Uy:Qkog8Wn|5#FZWuo29+8rƥ+qw\0;sS޵5ƪaRK~l`@\rb\0(\0 \0\0\0\0\0U\0\0\0\0\0\0Tl\0TJ1Ԗa=?`p[jQьVcsNyVJ1q1h@\r4\0*\0λ/A/184Eb5tfl)|e2$\0??ud1\n8W!SNRӏuϹ-\0ylnχ(g+NBUP{юowxnrwywekh\'|>+uFOdvמ=\\ndk{ݫ^vn&?l$ӯ_CnwcߴFr8ƒ\'ɚ>c\0Gx|u\0ח8#aP\0\0#\06d@\0\0\0\0\0]6S`\0\0\0\n\0\0\0)g9U̓ɿQm5dqَEsNuiV@@\\H1h	#i\Zh	 S@MvηG-+>=nBi\"v!2ie;xǮMI]7OAR仸F4>ܲIyc\'kb{}Z^gL.Φ(\'ߡ\'9v3m쳽E	:-xSR=Ldw%\'~Lj:29O*۩y.TpKk__Yx<{uqbԦM%r{g{\0~\0b\0\0\0 iP\0`]\0\0\0\0\0\0\0\0\0\0\0\0\0\0\0\0\0.v=7-N?0yY|DWLU=4g%{\\\rU@`A@b-\040DT\02dqGJϪ.{܍sI]&J7)9Ezp\0}?ƻ|\0șۿ/#}Y%,iJQdt뙌N嬓5i*ɶ\0͍UVFRI-#\\,n.Yl}}!*[rV*852#\'Nͩ7=r>|zxO\ZG<1F!(a(\0h@\0\0d\rP\0\0\0\0\0P\0\0\0]@\0P\0\0\0\0\0\0\0\rtܺK!`2+KTc\ryK$dVP\n bA@M\0@c#A@2+{yGJϪ.M-4]G\'WoөN\0y?\'}&F,o~Gr<IIe~^*=y]zѯYgW,^>[-\'-~ͫ7{\06p9/7菝{1هD\0\0\06.\0\0L\n(Sa\r\n \0P\0\0\0\0`T@\0@\0\0\0\']zb<|2ڿد>wʹly@\rn$F#i(@Fg]Vgr+dl^MyeKοK{_j迸~+^|K*^_v\0/?ۗ\\g7Jyo7\0q_.~5={E{&\ntW<]uwk̜G^=(ͩ/W=<>w*-~	/1e׿U\\l]In-\ZV@@\0\0\0\n\0\0\0\0 \0(\0@\0\0 \0\0\0(\0@\0\0\0\r&׸9\\UVnUzyerjQ׹U:=:}\0`k\0ă1q(\0@\0M\0*h ?PO#UHC~9)ugnxrVשёd-m\r>BWd8<Y>]k+eT\0\0\0\0 \0\0@6l!\0\0\02\0\0\0* \0(\n6`P\n\06l \r@\0]	I&!-_ɃR\"gO\Z\'P\ZeX\Z\00qZ~\0b\0,+>\\Zg~x9VX6J**կ@D~vϹcK]3|W\0\0 @(\0\0\0\0LL\0P\r\0\0\0\0\0\0\r\0h\0\0 \0\0\0\0\0am5N;<̮_y~Wgv$ڒFlWx  h@ia\nin6F\rn@1h\0AJ>|3u떢ߞ\0CruzQngW8䨪;z&*ϏzO\r(--[Vr}F:7H\0(\0\0\0 \0\0\0\0\0\0dE`\0 l`P\0\0\0\0\0\0C`P\0\0\0\0\0\0P\0\04ߍUS_Q.n3O͊岍sYHqh5-t\r+TD\Z\0g5cG[#շF=u_ziRJT=}dyˑBK7ogWo!(Om`9-\0K}\0!/zE=}}!\0\0\n\0\00 F`\0@\0\0\0E\0@P@	\0\0\0\0\0\0\0\0@\0\0@&\0u\\Ky|]KqFlmoï&W>{(&[(Xk\0AL}c0<!7Vz<kqY:ziE?E\"۬eeRoۋEx+Õ]|\0mxfӼm1?wF/۷/hF@\00\r\n (\0\0\0vH\0\0]@\0\06Av`6 l\0\0\n\r\0\0@#ʹ~h̓˷\nk{}t^<1RP^i;H9G5e/\r+TA4KZ[2lj(O͞~kʧ1K՘ƵGĪ9`g]DB<WJRƞ4.`jZ_WDd}C\n\n_Y\'Svv@\0@ \0`f\0\0\0h\0\0(\0\0\0\0!P@E\r(`6`6`6\r\rSl\n\0	h\0\0dM5Q%}k}o!hoR*::\n涏DErHG<\n5g\\//#7QMJJZJߵ<wzаh\"UIIK~(믙4J]<O-Ȕ_v\r/J9UuhE_f:>\0\0\0 `\0(\0\0\0\0\0l\n\0\0\0\0`]P\0\0\0\0\06	 \0`\06d\0\0\rQ-Im\\`LVS(Iiia\ZgS 粅eTƏr|;ލ7gW&v).֦߆\0Pz`ƣbĖ­u}Y*ɯ]T,Z9/c#\0`@\0\06@*Y\n@\06@\0MP\0\0\0m\raM`]\Z\0\0L\n\0(M\0@1\nG\nukR[C-u~&qsZdV׿\"#DWݺHl}ٿure?4 $Vu.aVI5\0dbs14@#\0\0A-@\0=`\0 (\0\0\0\0\0\0\0\0\0\0l\0@\0\0\nVaM@`=B&\0\0\0 \0\01\nl\0\0\Z즻]}|ň\nqۏޏ376۷/?eq׃:1s=%ĶGg<5Wz\0v&-tU]uW\Z໱H6a\0`@\0FA\0\0eP\0\0v\0\0 \0\0\0\0\0\0\0\0\0\0\0\0\0\0\0\0\r^E\0@\0l\0l\0\0\0Mغ?TL_#[q&#Ė3Sz叏\rxub+/jV\0UGfZjkUԻDi\n\0\0\0 \0QCh\0P\0\0\0\0(\0\0\0\0\0\0\0(@\rv\0(`P \0\0`_ v\0`@\0\06\0\0#qeq8ߋq>W^\0n\'zK]j(Ȣ\0\0\0 \0 \0\0R`P\r6`P\0\0\0(\0\0ll\n\0S`6\0\0\0\0\0\0\0\0\0\0P\"\0\0\0\0@\0P\0\0@\0\0\0\0M`\n&M\n!<\0BQP(\0\0\0\0d\0@*\0\n\n(\0\0\0\0P\"@\0*\0\0\0\0\0P\0\0@(\0\0\0QJ\0MA',1,1),
(73,'a','c',0.01,'13',1,22),
(74,'a','c',0.01,'13',1,22),
(75,'132','c',0.01,'13',1,42),
(77,'b','c',0.02,'13',3,21),
(78,'nuevo','enlace',0.02,'13',0,45),
(79,'ais','sdk',0.01,'\0JFIF\0\0\0\0\0\0\0C\0		\n\n\n\n\0C\r\r\Z\Z\0X\0\0\0\0\0\0\0\0\0\0\0\0\0\0\0I\0\0!1\"AQaq2B#R3b$4CrSTc%s\0\0\0\0\0\0\0\0\0\0\0\0\0<\0\0\0\0\0!1AQ\"aq2B#R3brCS\0\0\0?\0*AP A\nPDAHAQ@A0B;	\0D!	\0PPBc 	P0aXQT r¡0  P0 L 1(\n a(B@@D ]@@A0\0UAEADAd  e\n  a@PO=tPA0\"0  A0(\"	P@\0HHA8@D0B@!*&@ \' AD\0T0a&\n@@@@@	&L*.S\0\0beE ;\Z\nUAPD a@A0`** \"\n* APPD\n	 \0 hTQQ}DT00zPA\r\"*\"!PT@B a!00aAQ!(h¦	 hCHa(MA\n\"P0P0@@@@@@@@@P*PT\0QPL a& aQ   A\nQD	M@W\n@@@AA0*\n\nr   \0PL  z \"aADA&ED@@@DB(@ paTc}@@@@@@@PA\n	 n@  aDBPD*\"m9EB\" \"\")D@\000A0r\ZLh%\r&J		}dԢ31칲Ρzw[<s嫥~(¶sg}]_S^K+%0c-?B\'11:)DD2\"Q@@@TL a*e0AB8A                   o }ʄCN}gJڍ=ea9+N-e?Vp]aPBs<q^{v[4\Z&8H]a]b^/|Es2Çf \'gf?\'ɾ6Y=ϳ]le\\\'-<}2y_\'\rnG${e\0/p\"9ǈu\"oI,O0+e4v.euc\\XUj<KdwߘaӇE\rFy3Y	x\nYrDƹLi\Zd,0@ad6;ӉFcyk.?:^ȧxX׌dqp~9N~9V\0OӸ7\'+l݇n?5-`.ds_xj:6v1εlpqǓY]g6Fa\'R|작ӽ%iӀ`-p+d^\'˒6J~j~{~&HP@@A1	*	   TAAxc%8	3Uu=|CZN,6bQ+){qT/WY:u^7Y5idw\rj>!1M~_8\08kWY\'k{uWgwFE/p9ǹc6˷bۭt}Efk@Yh<1#;ZRe7HWbvVSf/\Zc8+*g\\GM|?6tWx2SF~r~1b:~L85(W>\r:m1I~cSb3+Ӗ=N<H,<\rs]H18xՓ=&-E=bZt5f9dU{ZZ}2c-SLV&y\0sjZpj_1j\Z4~u:wͺz-hd9M%}F_vƻ\0QgZ98ݭ\'NaWQֹړ_\'0ܷӲ|y&Y>cH[nGmav\\z,&}0bG;]+Sk6\'اI FzvN{e3=4\"rsZ|߲\n-z߳`IK\Zӟ0κO,˨~͵xnsO!w cVf)iFR,Hݠ̊`B\Z#8S4nmo1\'cyO?*rFlbyuR=\Zk	Ҍ\"y@y\0S::&\"a욻{s9a$ѽ\0nn{cȜizTuZwpy 2Vu˓8;NZvԾ0ui#89?puz\r?$K#{+mx/7\0\0h|UL.6-ݸ<c+|qtI].Ѯ+[F͎uj7~+7, \"*   \"	 aE T򠀀뵝{L+>C\ZZe#rx<Hܾopk^4e4I q\r}g	O[~Pu[>qB 4w\\92\\/LUl&\r> 	!<8^H[zcuKb;Z4XZܕ+Tgtֺg\'ŧHXnHйs9;wq17%i֏4	&vU.=NNճǆ3KuӲԴ)BS[w@$rNq~QMkt\rzjzTԲ,:9m}i>P>ѕ5\Z|uTm5RxCc.\rѓUtUb~ťikmbύn|qJm^+#5LUfň;뱀g nyNVu\0We?LG-<J4FR֌3|,uk\"wӇuMLit7\0xap&5՝㾵6PiP3+-s˚@$tzackLOFtMgs3i\0LN	΢Ȝ7J7썥镕宴Ztӝж:v	+O`h#4˒k}zYӚ!s\0#;we[R]r~,t<:s^djtNٹ[Ei+mO\n%H1,1.ooAt-]:d2x`\nDIn|Z-O{MwO86RvFƂ>{tcE:_/K׈\rVt?,$|0㕎b,KsLꎔi,}2H]9+_.Lm;ufّ,E<N=Z\0>*Yj8*j{ɥINF2Ys\Z\noY?NanήC^n\0&2?w4J	D-˖11Ѷ;\0:zpV&k#V3\rh݆}WRq_,ise\\6XG|oHdz&MRxsfgc\0]W\rxIi:~l6O쁓q^6<O=$ŞLRkMk8H)/g欻fi@@A\nPDDPAV oUi9\0ZpC8W~n&_2T^]-8pl>m݀^Mo;<\'Ǫ=M&->9g4Z\0##`gV3&\Z&k.,67o}ows)赢1Jw&vKc0,H6r8\'h>w.i#~I!ڵndHnIy-3qVQ{d7-1=]kt13$_2h\\\0iJ+E[ebtla=c~?.g5Yմ\rS%uMAćD*yrS:aLV5m[K`E8gIcmpƀqLOɽs펑1i?ϫ_ᔗbsAtEZb[kCKd]Aݯ3Sh۲7$n!%ѪDuԬe_YDt;R,`x˿4gE2FMn:vz-\"z##c\"cKqO+;Ltjc\0!i:TL5(&WE4P23)991k䌑mwNPV\nhDrcȔ%.>8qcnLsL_޺bdlyԹiU|\ZG]\'IQ=/	NqC8cfռ~(IW]c*\'D`į+LtنrLoq6iݾ:tJ<!qNm:O\Z[3r+Iݧg(׻M~%&b+Pܯ돯\rcprہcOF|hի-_ݪ4v(\rH`lMF>ͿXrb6:=ţ˱Yjfս\"zZЦ}GE#{ .5NH~p߇Oԩ|2ItcF#N\ncϓfg?Z5b3ާqʓ%1WfzKutdCZܞeXxZ}7RPٳf`@a>ޫtj9\\_zH֒ qBVHE}]ݾ)!ӍmB,7A6cðO-	,o:9u!׏WW3dn46a4tFMFOY%+RDfAV?RF4CJ}.ƙ0	\ZsܱYEcɮ\\՗gV_b=$gYS-\\|_5b,:5)w\0>aWo=?*ip@~n\'ҳ !myJ!!QEB\0PB*b WR\r\n3[4Ge%3->xw箯.vw\r$z\r+d4U1kbW9iZGҬ]X\0HhnI8K8&roz-j:iH\0ci$g>3IѳnulZ?Ⱥ9\\`6>7\0\\ềnHۋ=mnJ\rLFMB۫5@ԟr8rDo6)2j_<DNcw$V5srk#nT?Yijx&7>ۊǗ]vfkfhjGtMN+1»F-j15ZԎ]VI;{>3Sjڰ\0h(KK&8K䙅GݾEVg1ūLǥin5(*W$/lJH![+tW64?7/MY6Epѿ$nirJ\0xLͫ֟Qŭ>y?Mà8&kg\\cЕm)536|KӭIxi:d],tk;o>KzuqMku??WD-JNR{ml˴O\0r9-TWm2\"7ο={@RM5lF,m;N9acm.+Lo=f7<:25ǘǈ;?z1\0mJ#S6xQvJw$mLZ`Z<\\ub#ܸuhU@7ctp#x$,|<ѹ:_V4UØcCy\\}>I7?ɧiM@hIIZL4o[Z/v.t:.$%Rz[Rc&?uFZq<h|ġW<[uіywi䰎*WfIc&Vu 3<ci\r.jPj\Z\"Lـ`0:Ytg֙snKؙs|v\0ϦΙ?X_Z+5\r-ahw8gNz.<\\ӸYupVJzClv|$&28xs|DakN3Ӵo[51F{;k\\A,y=Y[$ͫǾZ\rOOf/JS<.^L*9\Zt%;p⻿YmQEql\0XحU\Z\"+~5Y\'\\V4)r#sv6f#;U2d~zڞdj4nE,[J˜y؃>vqCV}H_lO{3ÄgtcZe۟Xi;x{ǷX8gN2y:kT-pp֓Ea[ͩz=RiR7:p2h+:g^WX3F9goNV@18^O=We8IN7l]iG{X,A<aH-9]Q;k:Թb( QD &9ETA! ;%uw7ڎM>wv\r+3O,v}\0K友~MIז=t<?uώc9}:nmׯv8{ۈK?E;Fq3||ϥ;eIcZ38v~n0g[{KZq_1%:t+3[V/\\	n#m#9rukF5],}XXlL\0m\'qn#Q33[zڔ2ץr:\Zj,L;!)m8&+?4\0/_nTӡ0kdtari\0noPZxZ[([kzMs˞##kLLn\rAg?DA\"8\0 ~ߢۇ>ޮPoX cf}xY!$73+tg\0Vk_^m0#i=\0I>ox`cOkNX;-˸c8vԛQ˲<Lc9#@hj>Z{OE%b^}U\Z2w\r$AGr?Qdz\0w:VQR&SălsMˤkO\\Vѩͣ}?kBGa\'8:\0\0GzeƼ\"ZEXkKWo\0pY\Zۛ$ŧ]1&v;Lôos	=,9f+iozMIH*H˲{F3VWtcZ&m~U\ZU`\\Ai%qk6D6N;gL}=^֤&bݢ;;s[&fmm1W^gty,t	`G=;|iZdGwnΧYj9[ؚȲH\08Z\"i~\0\Z{S&\\5s#l n<n<VcѼGYk5\0ÆޝhE-ڥLLqpax<;h3-4}鵥-LN$<pUs^DL\0\0V-~ƙM.j3ĥ;|Me\"91G݌ΥZjtLְ\0|zcH=mHƽ}Jx+k:,q\ZӇ`<y)1m;SM->7\'E2?>ZoNZ#VGݹvkԘe+K?)gv2]<;+mnNiׂ744Zek[jw0L9^mG-kЇ{}4Zz\\6afϤ[P<<=%2Dt4:Z1j11m[8\\wdgReD%iסRI]Zmxw!c1}\nz^ܳ-IiI<Ekx)haoqy]?DG\\#|P]\\6v|Zeղ3Fh]yh1L}wp/j7s}3V6[S8\\Ӑ\0>˷ώ÷c1$Oci]1/f,b\" \"&\n lCbG(*( DqXh]4.q\0,mhܲ&̾WĴy{x;мg7J}~֯ԣ!ˌ,.$~.;+MӤwxzyϱܾ{ZLǗm~\\?9/`I[gNr=E\'[s4,#`w\\Y:Σ)^։,yc@-Qtc,~ζnr\ZT-GQ-2?\r#-MzZĪD,9;GrXϞϞm6eSi;,s\'}TLRSZ2`ӎs|ɪsaLrt懴ƖVC)YVKm6lJakOUJoK5\0-v$هncDs֦+֧yf]4}b봤lՉ7 9n0e=/=qg:wu-j+KFj:jllM0a0O?ܸ/w}RI4sfP\r֞ӑ4f|i/,gSά֏hO3;ө5H\r}.ǉ,ek|Zo45)\0j:v^ZV1Y2sÇb˩>-m͸]h#?fm\"F{)&Gy3X[4O7yE#QI}\0Rr4,\rsc?\'\nNN?f3gR\ZԱjB\';߆7F8ⴷZN?-HF۴>7HֽlH6y{chu-m<JVmFΙ=1l<5ۈ\'z%J^z8O_6Yާ5yd1K\\5@1֕<v{_OCOZ~wCj\'3`)jƧ\r#͢[]p˺G܈JdaY8yu&AZԘB,×\0FXη2[V+h\ZOA\Zl?-!y r1iL-q{\0k:VJ)5M\"R3A\'O{-31ֹc_V{P=XamiR%fIte5ծ~0wa|l?7s겆XfmOQ.=)(p=y\rp;)5lkm\Z;\Z!ѶFnNov615:AݺAJ\0J<gsc!][[[nؘEQzzmk_\\\\ϸʛd^xot*;fԦ6Wpa!K[lpMO4^J?[-65fW?2ZWR&JA#\\{,f\'4{\0v$S1,\Z]9&[!pCþT˾KҿVx	j 5=jvqqXսh鯈Z\0A;sݗvjqx*\n(@@@Em\n\0$\nH޶gWYssǠ^Gyc\0LRKޭVf5xp =ﳷ<-4ǹ6:R/uBG5e\\79ƞ]s!gUJhs|WybԎ~RԟWaܳƟ]V|Ek1ϳtvsDOHftRv۷4Ĺ)5Ϛcկ=Oiifߩ>&ڃ#s`kv1Hю?*(ǽ}[QuzѾXxc8.?ѧ7뷔%\',ݜG\0L4v_t\0ʼɝWP \0ri6gPh;ǈp\0(:Bxbf3?\n௮!s>G`޷К0̑cN^9.@2n ǹPwnb60y-b8\Z	R\"JC?rg3iQ/\\qb՝sZ\\㪭` ?v|8n?/h=Q8\ZTfYvJhp?Ny,s;.8tQN\05>K*Y4\Z&)&8=19g;i-ڂTu\'3[oOvj]kʦ@־G7T\r:ZZԋM}\'EGZ!lRy9;oX|	ucQ?,:}\'V]$ic#/s	/\'ƸUÓQrڹQ~6ߒ}Ou)߂wixXuن~}~SMKV\"m*K;kZc~S5cSOskMxe3fi/pÛܥ+c<=\'S~޹N;PR\'qO	yf}<)~3Rr\Z9	T\r>T>85Yb֜4N&\'ov\08%b/]E\'rX֭]4L2\" zv-HϢK5ΟY\"5%#\'.hv\Z\Z$,\ZkKYO͖ĵ+[a#sr9TN4:CjZTen{$t丑%ێ*ۤƫpj~Ѿh8-4N@y|e#{Ѯ-MFKO;Qkq=C=-^.ꚃf%\0աo\Z89M%&t`Fz3|8mn$wd.IYZ~Uxfq!G\nrbYon\0m?#leF쉺%kOE{rLR\'uիuAa^#w\'2B9xA8r6VS\Z\0%9lQ̕9ՆH1spO ZwN\Z/tO\rŵ῍\'ӿ.\\\\unϙõsbϮTZ\rX2ҽ:-lvj\\ʵ\n6[N$Lcy[\ZO\\VnZE&udWCό05\\O^=cZӧgubW{b?sXs	]QIIyWNigqlXe\"6#6`3.1?FVUN&y˸98nx<u|OX}7_E+T|KNtɖ}zt`\Z=etR|k60\\޼)HR֏uP\\ۻ1˒:i;cje,[$qU..s	\'ԞIFf@\04A(TM<p}9z,v%f}?\rkzN=}M8J8:?\0iAΩ<Z0c\r6c״Gwh|yͥ\r5)z=K~+f={_A=\0bX\n&1F\0lc*2pH?꡶=MGA<t]:{@0`l<F0#-Cn>׮^dU]0s!u݋=mzK3M~8p=>.ytIލdf$;Xp1V3aׇ/10ܡCAlR\\׽/q\0/ehZomŧh9kt^	G c1.H7?Aϩ֑lE9ԝo{}AV~5DnZ65Z9F&?|ш\r>#Rz\ZSYgKwIǅc2=}FsqS42>mA8ر\'ay$ZY[f۞shژuF5lm猴VMton\0ii6#:0^=ea<	A>魳zᘋݕ:?dl1vӏ&9BTGvYm6㞭6ںcZh%kxtr7P\Zo[XZ?&-n2E5x<Vq0re]xsfa@\0[r\0YWy=!RjfjZ\'i%gfN-1ݸ٠ |vu:_9O^LftX_/ZE+|H<;3\0XZ!6x%iD&5\rV|v!9s66Hb0;ǅÚ-gwwH^F=ٍ3+,z8}SiS|_vѵZQ=WFOǖ/|W	|}lrPED\0@*ATT*m@@@@@@@@@@P|dr}6*ɦJ9vH$yё!:}ZWg[΍+!say94{~˂+0XY=K\rn=jCj~?iH}9YϗO泭:>iFP[#esp`CYܳq˨xuLyrF,戱xeܷg[LC/^;5\rD!+NF;\0aiׯ-\ZׇCtm.:q̎j܁i]8z^8h},s%w;Q8H@!?D\Z8仺 JX 쪧8&=}P@>6#~,xv%gPm5a\']WaMVn`-#%YcX%gOi*j+TepڅĜ?Psev<6pYl!2ypTd6͚F!2sGV$ݶ6x#fi_P6Z5+\\ݔgq$to>fZ-\'S6>ǳ_	:U#x.\'s_;|{}oUd6קN1$4El!v`VY`*:t&ًd0A<sdL1-}6٬ZҦd̲Zw\r 4poEdͫ;>Pmm\"saD͇\'\0+	j։\\-KzZ=BtW ?d:LOiﴸFT/wUTHL1ck9VsjZέ^\0#w;+=HOExeGV隀CVXk\ZK9\nEt8Du>έuD&QR6[\0+3Āz𳉈qgCV|ӻOc\0+M?u[Ĺ#\'r-A37Oax9Nzυ-m{Kr4[x@iZ/e&33a镴ʬ-H~\\5#k_ʑYJG˹fLF\r[cxlb|Ry.hgziՃ<[ƞߠz֝gkݗAs)$[z}|>ZV!d;tr49k3*(B!\0!@@ET624ːi!sapqQ>i1Sk\ZήLw>43c|#}OXQnC)[Oⵍt?/9ps>.XR#GQjantu#\0\0F>`JzzZ}EEQ`&΍i{K}ʴw,<SVܔ1nORYv=;Nm.8=NV_>ퟶuIM߯5g,fn#ai>M;˽VxckHOy*{6HF7[ywdF\r&O\0\"P<\0τ7ؠmpA0AA6gӺX%@T<ߢhO\n_栭%ݧ}_U1\Z?;*\r:Z<0h&lw߃Z,6O\"C袷lњ(6\Z%\0\nxtn8q fZna Rkt\\ީӺM:Hݑ9}9Z{/uWHzCQ3$2~O\'嘘}oje\ZcJtir]s.ʛl8暬MzqAcSÔp߾}內jksLә1\\u/VS$4`/ZcZ武\'ك9t\Z\0%	rn[V6+`1j^歉Ǉ07X=gpF;jmڿ\"6SyZ[G{$VfZ^7<[T˧N<n\0I+Z	mXycE\"ױM)U;o;HWqs4[f[_,UP&q|~W]7g\'t~Rϊ\rXNFodb@\Z,\'q?Y׊)n[nhi{Mr:Ϙ觏\'Åyw3Yռ󳳥_H^+!0>Znd\r	\'8Um1LL6K}F\r6JZ8JH2d/&h-<o,糵y!X摻in|\\zQW٬A>(W9L.4/GE&2GuYr2; \n!QQP*DQT|}6;eo[LS&,p.w}Wgj{h+RRy\"s\Z\Z6Ȑ\\^˻ux\\ݞM=^P|XG(pYL1cw˵ӵ[écF[n\\>)ùg84].՗lj5v{k4DF\\4qNKVkZ\ZKt:gO+yS͉?%c~|t_WGVFplb\rp.\0;V7Xg2|&\0A%$nD\\%>Mp?T \0M(.{\n\0sOb^J	P@A6n`QB6P&~9Pe˛Gz\r\0A\rп4}+9A%}IBMYݮHLoP⣫:=,sH!RѶt5mto HH|O˒W<d\'S\ZoiΊM2q^S\\=Z=rMg5d5_2:<fS`b3:Ѯ5>]\" +l{q瑞鸖\\vݨv\rSKC]01cw_-jOI;R$KV0ɓWz[qͣ2Vqڝg:;0:XXOoe>+&}zڬF	C[%{qACng)<}}MCWDc\r3/6\01353&ko{L5ilx9ϔO)m5O\r:[}m?ƆdOgasA>Ycbb&kg[\"<Zߺm5-t!XgM,O?ftgJwcftRG\r0姒X/5ӧ>鮕ean64D	\r\"38zcW<;\'wGTIׄ-g-ko-\'2ђξ:_XdD^$h,qdmĭO;A5V({o΂EAAA8U(*.63Ŧj8v^il猅NÛݢ#r-N\Zm[k5^Kisp;essu}ei\\\ZZtTd\0<~\\YLo]Jmiһ\06:oTx.!sXIH>//\0O#{޹Ӛ~Y6n,U&y=*|,8\"2ͮVϒVf#9;?2w)DǼ>kQXxf~؏Z8\"gA_6 z}&}P2(!*KAS`(2ó# 3s\0~x }\0(!iAULl7z_}>mNܑéWcقcD\"9p_!פ6f\Z6zlíak PD]ZbkAc? A-!HZi}&d݇5>NZfujJW\rf|dv{;}B\'u~KJuW2ƁnG-.lN1DZfV/\Z:pᯜ	#r1f3㭵hU]wfv<s>oU&N:+~ۯ`u\r2t/8͟#FR-ўHڽ/5م+S>7؊\\)ls~#q:}l)!v:0O{;1eԯo0?I吵tZpdg34pg~55TdS\r)\rqf67e\\sܿSݩ3Uӂnitp.{3t=ޕ޳\\VK6xZxA &JÝrzgefgn#_6{WGg#yXՎˊ?5c*Ntpt;$~QZyN-RH~vI.]acv\\#oS7RO^h[.yy;q<W|qlx^@@ QQP2	m@@@@CB	j{Wӣ[DƸl48b2LϳՆ:\r[F8lBEK\0<7a!b_m+I=;zXijzD^DC0\\y	;:\"jZ3WStxHfx3v[\0Yy[uyxwjϏ?k^ZLs2Wb7syn>	;l\"ff\']续ꮣ YN\n_.\Z\\}վ[m{Z/ud억W6Kv}Dǳ; \"D)@@Ad\0\'@.xtF8nN@P@猏Ee8\"L=?C&HEz=ugN@#{*͎/\rl۹ \r:Ξ՛I>\ZΏUaΪw\"7$7u=5d[G^_	ؚ%~ǚMǄL2WǝGg떨LD\\[2ۋhw58.2	kSfK[ inܯ:ڍDiu3hEzC3!^s{\'dvF~&;7vqR};34Q9>/sl,-nqӺugKYU}=H%tH}Y(hv>ͥ>\"5:KT縹ҺBZݧ̤؎b~Z46|K,\02	;XZ\'ӭ}l4f;j֣ĳ8Z]My?%s\'BeM(k`&#\0]\'/M-}2/ͩi.[ᾣ摁]ц\00oKrڭVm~K|q=~u8txn-jHiid,<6x1κmV5]<;9gdzћknv3Nt{r/	\0I뒜l׵5NuZ7G~Y`ְmpY9~I׶N\Z|h󈶻Ow<.sn)9wؽUA=UAAB,6!QP* |Wc[Ccƚ	6 kC0	\r\\Uw/;}e|fQRu2݁8<MM\"F8dKeh&%sU5GCTqd34ze39f&b\"9}W^Ԯpc+kd/ތ{%xU5k_\0gXzv>=ř\"mc/~Zmֹ8yuQl58.:-:@<GG+;g2c_M-.{^$\'o?\\W7,x9[肐*@%A>*\n (\'}]OfwELpf@4~a<q|[OHuV.N$p294ǘ,ϒ5iqsʵP1Q;e	Ą9j}q[qtt9ti82q`旻~_z]G6t<\r\0-<\ZqZHgc8@<js{Nst5R[	&7ـ9+o\0rZ#$LF9un*4:GFh_M|[[1Q?4eshZN%Ǚ&5C^G4Bz$bklu6\Z1NobSz\rKxe6z6ƙfĕbe{6sQJ˞Ou:vEځdGq6	ö~7zR<͚b\"mW[Rf\Zt@1\\2		pXC\0PqesLoq^!\rR6FZ&9k##gc:k+Lvvtçu^+Y{\0##k\\G8N)[Dlt1B(qK\Z\Z]-.uug5\r?HC\Z6Y(diqha86KT[PfkiHdOsK#	Y맗=d;-Yicy{\\<MssrZ|.&mIG]BPEA\0!A*QU£i@AUDDQQQQ@Px}kT(Mn7XVWj$ah$39D=\0@䘉յ\Z4Kぢ9^$kµ\ro4_%˭V.[K6KM\\A?\'ѫ|u˲z\rF(q@Cziw>;>G~l5k<26bxYh9-{xc}=֫vlcիnnnN2cc\ZS6m!19c$jb͗&=rڳ/uB	<fCxqܮ\'w\'r<A(aT8Ӝ\0((T0  ۴9(>z>Xtɓa;Q厫1sZKp6G_=կOVvxSٚIep;v]3\\2ISD^q$=3\Z8%e\0\0uas!ϿIXs0b\'ۋU*2ol1Ų4O*-M?O]f-DIZ)vFڵG3 \'oAXVK2qMNσPXuE5k|TĘhqѧ>=∤k\"G[7K&IJw׈yd%\'wXtls1Xs\Z*UƬm#<4{Zz4\0V7Wi<YcUGC켰:w]IpX6co]>=*e{Y#-ā4zf#SY\"\0ҵfe{0ڢؤ&Y	iXDOvk5gQޜ(jZ\'&Eg:v\r\"z)=-o>?Gesy%.op?L$Z|֙:IMjA0~[O\"8=Tmm[M#:\rJQ]UdsY r7ifR1sn\'{<̀X{\\lr1Z9ZwcnhiԢ:63Wyp\0|obe\"u%o_a]J=Hl1`i/(r>>W9JxA2q*P*eDє(i)9zE̳bcp-q2;?o;=Cgu|%f=uky0Hd\0`A+QZD>/ZEq9ΐbsφu~UZgisN<E1uю^[۞=\0W|ZhWHcak\\|\ZfwN;Zu~::LQRڙ%arq;ଭ,ܳk|:if\Zb\rr~tCZ,\0 Pc]g9ة]0[\\~a|W	_7nvMoѴe8z6k?t=WEZs^q-s8.&:<~#+jɡ0YC  \0ihۭ~\ZDֶ <v<ek]xNI>\0UǷ3\0GTib=gZޛȉ8\Zt\0o£FI?킰=b.G㉬DӮݻx:D6hndd#ooEHzS%v\0ilm31rw.{xmu5uG	i-]sۑ\Z?V95^l-bͥR	c\r\Zbևv<G	\06OCVOނӘ&t#Xn7v01DͿ-5s<ݡcإhR@I1d\0iǒyg}lm*Pf\0Yy9iw#&\'݅1^ܼY,!YMzpLA-.sA\'iǏǷы\"auK<\\`6b-3.sK/^HmxOX{N\0d/^ՕO\Zen;XCbhuKiEjjvJ\"\0b@^eX۫V^&#}gs͟UԟV	bgHv>Awv@Z\"zC\\^m?Evp49^\Z??[L˻nyU@T\\(/r(\0 eTDQ@*%F5zNY$lOsk\"glqi\'c\r\\O{i\"5%hkYjMK0qh.p}[y߭h:WlpLoK]ypWVff#s\"\'zEGRjwx`Oqa\\VD~au\ZVRM#CsÒN֜Ѹ,raLd\0\0躧Y5Wk٦ܱ̀dga텳/hG&>uTI\0Uы7?cREg^O<P4tlm\'/po%+~CO:¾L\rF_#ܸ\'s/ŏJG\r	d9X}Km\0Ʊo^Zwt&=֘ҿ	too\0J&k.̸8\0R59tAeg13Fz=خ&n[5|mN8ıp{r-هX6jZ,7~dw\\x<Ϯ,ugOϜ\" **9A^GGb)CD9\Z줲fRuٵBTލӖJ;|\'DcH{rE\'֞_0o\0]O<4l=__3Ǣs+Uo@$)}Vtpѻ>ݩ2&heY#|^\\\Z.i<d/:]o^{8`sIe׾9;<M1Ծc,_f?uQߵz2l1a>|8V<ܶזYh\0>ݦM֎b\\ٜ]86w)h$՗VN֦XӜG<\']MKLDe|:2[=N\\EXĮvqZuH矬鯩7HU}[zcq˛%ei֝TOf9gs+F\Zd\rkZ	]Qhh:nIgUX.lI(nOfns豬řFhu\0?֫AǛx&)axhp?Ov+\\{5߯7lVK_fC၀0;w<ywRf_vziEz1d0pm(龮Omνv9o\Zl|`n\\yVo\'jɭ[\r6TcC\\d;q^.\"6\0\"hd155ͲoiledddEF@@!eTP  e*aTQ\n7tEaHknv48ߴ%z4ṏĔg+J\"g?ݽ \"YQV@,	k@Ǝ[}N,hV&K|-<;3v/\rKLyf+I&\n0JHF\Z챿]m1ָ\0-{:jW(C]8p1Y%ghiœ5KR\0˯3s)7;я8k}xalq)DDW5\ZKBy߅e\'<uCuдk6?kPҢ-m\Z[FAh+E2gϟs\\7sG-?!0^L{tᶧY\Z_Vh`qojݎsRY}7ShL	ULܑH[ k+ߗoÊi+=ϭ|WNy.<Q>\\<(\"aP\n\nwPP\n\r\"tuZWeƎ{o;o>Raⷉ[:\0IzTVfkltǂ׵Vei-YzW55\'Ĵ㹬?E߄ؠ\Z\0F<;8Pudybo\0ڊͬOh녮wx}[u[V;T)ݸ5L/:uO\\%YCFܵJi#/i@2G1U)]U{V-iӿ\0nӦ5\rRdI`n8 !5>%{[5qѣKɖMvFa˾8\ZsX׷bz$pA!2\\\\~m(9Mәpke2	\\f/{pɈww٢Gş]k[zGXt\"VsI0;sC~f7uћ{{5[\Zƽփe\02OvI:5bӿ~VddlΑS8KXa׻\n4գLӦƬc$^YO	7F_]zV͗@:c\06}{	˖5i^Ah01KrGa\'efa&XljƧWM1=ww`2:wio?˥Z{Lr1aD\\1,]^Hǂ1WۘHh{h(APVQr(\0QG\nriTDQBET\n9ks;w=&^7ឮۜ-9Uz^t:z}͒ \\<;v^}.־iگ(?OňC7\\&s~ZZזշI7B\'ԪI<RxOx#-|x1?-=6ï544_em̰\Z]v	6F>^iu/;j]skչH2aqarUcmԮ,w\',OIAi\0m,2ԡ4]BiX\Z|9goXkޙ{iǣ՛OV}I {rVRN*]U\r@\"mVx]2BW_oώ7GZ	${ZAhuM/T+bk|<FV:g&.4$3\0ýqhˏ}aO;r_Pi]aӷt]v(\"\"Zs[ݏι\"ZLKNJ|Ӽ<tHJڶI2Q?y#{hrbw})w>ZRDRn@=ce>}P;(T0 *\n\nD*ßW@| _\0mEZ\0evU\Zr\roc2.B1D?Ւz=/MG.]hF&4`<mqs^}O8L\\՝[Iu,iTvvy&|q\0q#Q8Qj1~Zj4:^+iԎGCrvmkq\0ܶc֚s~LuzvS5PcZď-ÿb&a3_+jwSkHtlQ?Ǟ%.w#{	Iuan+<ֳ=\"u<\0gQϤ}o׀ʲ	@O0 핆*O/Igd\"2Wם1eoXDf6)b+:	I\">m/\0.?_U7+5-QҡMN62\rΓt{/化2qAYogS3oNQcl)Ȓ71F^Ʊ0oyOazRĵe\rtɑ7Wy𺁖=.Fiy$Inۛ,!o>R&#+-Q:r\\\Z0uB`aH̄ᮓsa\\<浞e>inWG95\0a0jo?5WZ}פudUam\nUD\nTi@AQ\"*PBPtgr:]-\\ŭ-ۃ|B	p\r<y,};\0>w硪ڜjG뻉Ù5m^wMERw?/-]ro\rsI\'i&FଢĬ:c4)tSW~DFZGrn>lŹ⭎N^=\0V޷Z%\rq$]/FC\n,jr~&y\"=r^몖yC߷::(⌂\r\'yT{ZkHt3?N6ꖘ{5\0OҬQ֙U-J6`yžĎXMk^5brKZS7W{H3zWЮ]#{OV%|Ve_]ꚴ`R*Φ缾^\0.?Ƙ]\\gl1ϿdL)\0<O\'칳bRy=QuS|>KPҒƑk.-.wo\\+>8^[7OFKvFtL1;خ>=c\Z[\rK۴XNQfjsxm.~ŽE\ZKZvBj1n9\0R?  \n69糧q\'88@ꊀ(d ɪ#\0bTXpы*\04mo{7_#%[1=>ʐZmH@wWeQEeNOZrvzޓCin(.%`C6cp%Oz{#&YĆ6_~2V/<k3/JY$s܂G/w-=C%b\04x$4}q@ܭk7>mޤYُ,fǭo5j~c`N<6\0$[s|6\Z!5Z8lDx9?*uGַĴ;^jRjzkŏ\Z(Z1\ZJ\'rφItϻrƳHb hI8K;ۿVŹvƫؽ4뙡ia;͑ߙ1?m}P{/-q?`8+^gcSq=m=RZt:\n7]4s6ci%MLjV\'fޏkP`l@\09\0)hLsKQH-&?5f\ZYZ_|V,iDdV4H#LV\":m.ɲiArU*p\0ArpPm&PҠEB I^d#\Z	$XezM ڍI%Eͧ;eh<^e/0V9g4n9k0j%V;4 q`L9ֶ˯=|]uL44FZ\0gSuՏVYj#d-$!X={;	ucV};b΃@FcFMt-bGv\'aoʲZ2g\'w;D|$/<])|o.U< ;ޮ*	m0IZ1{)y:x*E\'n硭g\"9t%9q[>u	4ګ	l\0VQK&+vEsܚz2FFw8r_mt7>|eX%c\n3\\y==|m]ޠO閠tO\0~-;Z/^͉l_\'\nGˀ\0BjwԺNk=6y!lkǺ8䅧vk\nm+}2\r?D뾕􎘾lQ[Jd86ǧ߄C4Eb5Mx8tRӐu^k@APO(ʒ]H}ʄ9^?Ti n?Elc\'R_Oq?̬:6֚X=I\0+F^sѫS~Nspz?EDv5Nkif}$l/kY=8)jb%_{c+\07we&Y*&6C%uk\ZFO~;&SZČ7vFK~\\Vfz\\UVWzsHwӚ+N1KvW?=Z-\rfƹ\\!g|hsЕ9k=״ޖͶAZ{n]k=KVv<1}$em}	va!e5?\Z֥\"+C\'brHp.*ӥs]#.moa{X$lc$te|VNMd	8˜#3RyjƪfP\r>AW\\6gUjԶJGG{31x#pN,w}M*lתA8(-{sI=zo,\"Pr5mR(\n\n(\0	AyPQDvCb QQa	P2 oQWgB^E+{żKŮmΧ3٠d;Twmap9>a_a]O>ޓҝ 6͉̐ZוsrYv3Z2#˯鞪д\0Bb)css_g,>eDGw?Su6ybZXOzQJ~Vz>֘ceҞ}55>rq9#v\00;?R:N+;׈korc#gy\'\\U` bz2x$tSDa-s\\;Gd*k;մ\0Z*ߥf=R4-sŎ~0gӺ1]b/-hW5|:ZgŒ5xsNˆRpD[YաQӯڬѹ4JxgV?]hӻ?mQ{of?P?p;)-N򞵥5\r\'?Vv׈nH*\0c@?̺pf.WOF\Z>o|DFřB\'-i \0oQ]!\ZܚQiauZmsۇ(k~/]_R%Ij;@|2z\0nx{};b蚦uZSyx]}>p(p( dǎ\0Peqaj;oC`\0#qϳNMԓJ;:Բs\r`U3\'ZCA+>VݟCzg$6\"!sG=$޾\'VnE6k\0	Q+6鮭Q9￫t?oC^F04٬cx.o9Z>\0֫ݫ<Ef6Z8qiN1V\'n5r&{7UЫid1eax{fi?}tsu5_fˀ,͏kKV7mkk\0压V}[V\Z6CXqh!l2W|rLr9o CcCj}#kC.drd%oQ.EHG>YŢ:V:\'Vd#ppI&n==9XZ=jy[ڦ[Nlp۹cѱ|dA8\\vHܗJ^{CćMd:0r73z287jb\n0EF\\ev2.M3/6HNk)몿?l|0V9ZvUT8ܚ\rAsQꋔ  !\ZQ\0!QX 	a2H4I1>πOz=EoD\0N\rlaA{:ѩ\\QxtJuxLHX\04҆7dd\0\n-xYݖvydɣ9$|2dvH7\r?eeIjͯh\\z=vxðK.d0]\\@kx4a͒#5tu}nN\r0\r13+pwXo|,ZS6y{k⺧L\0¬v@K&z.[|)c/y-91wkӽF~=2L^۪t2\\s<9>`?7{R{\r9,Y6:BцqvPLI(v77G;7V=MGd\0]C^]>q\Z!4cF\0Q$\0\ZfMCWۍb<\"?#۩j[{	k9#\'ꁀʀ eNn;w\0qBng=%?ԃϴi\0ʃ̱X{Ou51Rh\\f~CNv+̒7\0m\r]]Vww.?Qsakk]F;I߻e3DusE-w\0ԺrA<[Dv	Cl{|~zzw\\<O>V/1td\"-jRa-fA˷4+\Z;:8pZ\"\'[fE}[\0VG9\05v<ѩ7qU=I#t^(0g\rYL\\\\[V\"՚e\n<xˌX4`R\'PۚӯVQƴl`H n\\djXOߊޒV!{d06>O_Lxo[t߻NO5s|I!h9|pR`DkhdynkHߒCAi4Gn=3^9/FIϺFˊ/l֙ފ:UM,ExntV\'a?\0sOef5-9g]\0fzxUUZ~ͤ-w+B`.r^\n0*P r\"eT(\"B|A\ZQۅ3Z8S=aU3Kt>ϝi	⎥gկ3\\tfݫ3h\0GzWX:MR5x\\Y\"FôotSrc+j#}4I7Zv!4,8..Ȑ;ѡe33]LKYKu\nihU:yc[̘B#:Fݧ&#|Q8W;|p CgUAUk-3!\0g.}=Ų/Yj9q%9$$\' 0њG:^\0jx^M>nGTY&BGPo>69sǰs\\ !FLU(/;9Pc|Ez/vs[N&8uR]H{B\n+X}GY;#3}:K~N9sd>V8\'>rV7/[)oQ95xGTؤ|q-acH?ue[HԮĮ=8s[6WM\"-h0ӏTS+:ii[[,֮S4j-mxvkNW&v)cZь\ZÖ}{{L,Vլޢc֢b}<;m#4,;Z[uo|\'al|Es\0BF\0w<x[z4bY4K0<{Y_EkY\0.jozpælkX9={{C\nfX\0+:nvC6|O\'Z9+_8i6$CLn<H`ap/M\\cOO.kZpi6m*HLLcaa \rvV5.x13/YQPmX%39^ȈsYp3ZᙙL}a˕G ((*ʣ.}w()\'(*\rDECAEEHA)g^3TԳ#@3Bv9oeϗY˃Q%=!\r;}p\',5rh/\rbߣik#d6aP\0ռF5Cxl֙9{[5U/ӷb{\"*ə8\r9<eÅi4D;g2^A\"բ,[x.q~K*w^^x\rH3;q@8*~4Lut)݊II\\	?O?O=\0WluMAoPg`6b@~!u!!{*;za\0c*Hڢ7Y(k.jR	QX\"\0UO5mr\"hPh)+$acόŚzqgXϳs6ϸr<=H9i.WT[|͊A;-iZ;an;q8\\{K.d	@V.-pR[lq\0\ZWUd@~i$&i6~F{qQ~)dw?/t.J3F\"k[s|-n\0\Zy|ѽ<RԬdooѱA-bF?@9&Ow;ΡL{v_LЙNk|Շ5pk+8׬w?ѭV(bwc#\r33<ysZU/{ٰK0u?&;}\Z-jH_I?1$9,}һu\Zjy-6;vY^䜜\06hɋ0Ҵ[lG09nB@y¶jǇO}N^STyG3ǈ	]ՇZw?]s?5;\ZQ*2Ϻ\nxEP A@HPD=HPbAA9\'(6QiY NY\"ŷC㑘V78 sbgzn\'ž%gK10~\'O\\@C@{\rhJVσD`9TvpEC!@\n(*?|k,}nKC]FCOi\\}?#jSsuM	_ѷ͈\0<Qa>3U=PniL\'Ӓѐ$\0TWoVO\0q\0CehrRVM#9?Yӻ\rYt0#>3c\0Uş},}ݟEj[<UZqfXXcn.2Zd{-}Og.>=\Z֭XծHH֐׻9cxV731-:O]\0tvgtՌ,^ѐݹXLF-1yǎԤj/t:0c`s3Xmuꌻ7=Dڸ.స2}ܺsab>o[rO]lskgDsqWz\"Mn=w:J UhkY4}}Vra.KI[I-ӁW9\'hH-Zw,N}xjQ?sea.s\\D4NLDFFl]iN\'f걵,;z1=jeH~hFGa10ۏ-/^\r+Jֺj{sO`\r.o_Xf#\Z{>iѣHZ4d|rlXⱧo9yG(T\\E  (AA}A[$dTʤ!E2!쪁@TDC\n*F ѝ0mu.2kӁ]1qvr~(j1v^~fuj@(!AUU+oˈXngz\n}P2PP\nAH\07cNt~uzW$nak[h;D|,v폷dS*\n\0In<bqi?Du(M\rԒ5s\0{(cN\0?RU2e%;{k|:G\ZzϿJX2ĕDY\')\0+-Z˞\"zn{nѯ]v osS3t޺f{-?{|ŭ/R\nfH8Y<}TїouQF-7䅥337pysC~-|Rbg{u.6k.u\"55#m/?wVmqK|V9\'Y#\"nm2cb1-q8>2|7&Tx6O0q1\rhX^X5f>,GY5w:`\\u;BZuVM>6̾L۲G~{{XDDk)kzc2qN1D	{20ˏ}5~McP\\6!C|)6L7CҴ4;Yu>bߕŮ~Guv1T=4 \0!@PP(2\'7	  @@ACʃA\r)Ԛ,U֞}2~TRMr\"/ \'ՎBۯW܁@A2\"PNPO   (=TUB\r$La(:ѝ xfΥ\0yN?HZ\Z\Zn?g}+nXﲒَ:X:úSAvֿ2euY辑\'b}ѿWcP\' cpkFs_qkKDvf֖֕tt:v4p3+O04;ܭZc|kN^߽\0ӭwũi9?o4KwyXkutW5>z)ۂ^w8\r^mD-]TػoIh:7߷c]#^=\0\nbIˉ5E\0ku;ْ փP;yry7`3٦[)ɣ$9e<FM0ˊ2jfetU\"+kNK\\9}l1FSU?DCx-?-nsʵCVZ+tNj3T.snBH9fy\\-ui]<FfK24`gJł*QlGNՇpĴؚ\Zն\Z \"ETE\nT\0TUTCAok9Q#2]}kxv7ڮw<`E~iM&;nde9\\q^o`~8^}vA@AUT=POTڈ(Q1\n*!F2[NTuǲיּ蚱`8aTkNdq]RYCǱ[1O:GEwđ4g=G^uI-Zcm2״h:sbBdkp$~I0l5wm]=6+NǗ;\0G%a?8,kXPOQca@ڃ8I?YkLu$n6)iNq74OG.)ݧZމ{jck}۷<}q׷lL:ANSj-L=%/\'܌)7rc-ufAW{`{SպwCta\\:yɑҀǗcn8e1^7nhtO^#t׆+ײqOGVcc`֌Zfӹ˳CpثDDpkn02$A@ADdL*2P9TT\0 (a@@*xAFjaTh؇TX|7B.\"LGGm\0_=_Fk߬?0cpਚtc`aøA8d eǺ`ꀂ\0U7g>-nUG]좻Usys iV\0L8I\0TVx]),owӦ7x}Xcc^Vf?[{v^]oumkj:uDΊ\'Kt!q\0kO\nnal/->M?WCiV42x!绋ߍ1m??.lE}mb\\--qag=cn3ᆱ44A;q\'Ҏ8ˈ(ѓ?\"-.|6k/I;$`n2}]5e,לּ~)SNʟCtfS`m4puxzw-816?@Gl׷晗#!{\'Svz$G겊͝}q&[mc@ʬW<*< ĒQB*ɪy@(P\\eA\"   AP@ (!UQnU{PB8%(A6~@lB\Z}3G4qӬ>1=<~mOc&x71SK)`nmX.K_!oAaANz =8(@@!ׄ\0r&=d~*4\0˂gTp0+c{Fưw]!5jBϖF0+VYH(Ӫv7csRơ8&o6sO<6Ē[FdMq<}cyir6#?P6lECYr7\"\na4}F[BH숃Ero(/9A@\0TEUT7*A mMAPmQPL@TB\"7\"-*v\r1OIpGdF{*wדJ&6Um,Z{r\0 2@>Vg129&o+sr%`8uML$q衷Eku8	appZA;8AOb<w&8 {[ ;{پ&4cn\Zlw*zl6/0-3YOqE}InaiePGrFN.-5_U\rs~m.FVw|d+gt>[>l_ѷ+*0[F>ٶ0eҨ@A胏9ۅG+~̓*\0AP\\e\0ppAp9T\\ D@*@@1<(0r+*P8@Q\nSc՚yM:4ϲlp^0u&DG{]TukNZѼrZ2>\Z7Rg`Eo1ɀ<\'WSmέ;{SFZ>xhϗ즗o=ovѷY.b?p8-#8#+eDB;AeFEpA	 N\0*@`an?{\'B\0zXf̒3ߪgmլV7/TiE^UG^E{\0k;vQVe;sp027B!B?}rc@%A	 f0G  \r*A<)\".P@,\"6NP\nJV$ 8Tb@D\0 (*PZ\rvk4\r8_Sݪn{}hדNc]K\ZI$\0:-CdN2]\0_Q/N?v	x\n.[Q0.0Is#My}K\\oh-!4t#[]VT\Z3A!K`\0wKF\rʚs7]E=zexK`ۢ9{ݣiq֭z\nGF\0*[oCZZёkmzaB?Tlr u!Q2T8r}P\0AЪ9[t쪘Av(	\"A*ZB\n\\\"l#&PPUA(B(0Eb@AH&JQ\0\\ *&T!A6}ShǠM7U8]K9p-|WhҳW(:ݲT?!֏MV~hln|m?t!_Wd5*at\n\n6Gq9Ys8vUy*F[HP]\n}ǲN; ǟР\0\nF9\ZyU\\3]( M\nJ\neA{aP!     r@wA=P}MK®#CN#ESN#e&Pb)0wj1\0EsEEm`xAA(0=0*F*VA3(XP@\0\"*\0EA8A          !PbQX Ą@A(@!@@@N\0\naA;yAp@@AhqvP\0\nEH\'F$Av\0bPB\0fxPf\\\"0jwDP  \rA(1*J*}PN(\'d (A01B*$gwT`ʌ{`(&(*1>pPe# 2\r*F}}T AA~\'d( 9AA\n*\" d(1¡\n&*APL a&\\ &NtEA¢TF\'%TPT0B*&9PL*PQ 1ʃ0@@AP@@eA(!Pc	T\n	@)T_Ep\'/\" \"\0*HApe8@!08T0atD&0~2cpPrpz3@@PD\0ꀀʂ	8A\nb\"!#1@9A@(&Q	APBAC*L**	rJCQ\0\"	PC @; T3P\\<(T        TD\n	2 t t}P1P\n6@\'(&U8AT\"=P0   e/\nJE(eA(!< (\'t9\0Ap \" *~ A\n !\"y(N&\n@@ǪvA0Q\n\0=\\(3\0,\"肠 \"\n e TBB\n\npPL  @APNDr**P@}PNUQAPN@¡(\"0TeaAB*\"s*\"E;쀂 @@@\'(TEC e@>@ \0\n*\n\0\"	P@@@@@@@@@@@@@@A@P=B (APDQ z \"\nP슞UQ}DQ=POT\0A*A\n\0AOtQPeAd \"  ',0,1),
(80,'teemo','temin',100,'\0JFIF\0\0\0\0\0\0\0C\0		\n\n\n\n\0C\r\r\Z\Z\0X\0\0\0\0\0\0\0\0\0\0\0\0\0\0\0V\0	\0\0!1AQ\"aq2#BRrs3b$46&5CSct%DTEdU\0\Z\0\0\0\0\0\0\0\0\0\0\0(\0\0\0\0\0\0!1AQ2\"qBRa\0\0\0?\0ب(@\"\n     PR       *PD@@.	\nNTpT\nTPA\0P4D]\0 -@ʲ\"@@@@@@@AP\n\nr,   KDPQQQ\0J(\nq@@@%7EeDDr`*tt@@@@@@@(\"PBB \0uA@@@AT\n \"\"\n((!\0ުT U*t  \0           @@AE@Dނ\nw(\"\n\nw\0/\n@@܂ xT*j9o2j$[ @A\n          %. \"ADTE*	@]@*A8#Pd. A^(P\nA(%8 *( QTT\n( RQM-Q\n(P;T\0n@A\n\"\0AH\0 ꂠ         ] w \r\"tt(A%\nU\0\"@T\rP!tPnP!TDU T[B#)܀\0 \0 @@:  AFA7P;ED@\"7w\n\"B*N((CD*ޠ qAT>\nTDS\0AAPN(*\n\0 \"\nA\0A*	stP-ĠUK\"(\rȢQ\n(\"\ntoT]	tYDfTFAQPT@(*\0 APD*yPT_DS\0舗UM\ZQuE@\0@D@\0  o(!Ax1Q5j\0APDT@@((@ATDA.j]\nq@\'K*r}PB\"\n,Ak*UPn@@@T/b\'%@DA6rTf@@(\"\n   \"\0@@@@A\nKPK(A.\n\n\nA.@AJ(t\0R节DDDdʌ\n\n @@DDQ( Ax Ǌ_D U*PD\0DE\nQ(T(4AJEPBPRx ]P\nTFaQPT\0@AJ 1(@TC@!܁I   ]AUDMCrA@@\nU\nP^\0(	\npA/d\0(9\n Y*\n @D@PGjPE1$ PAT@AJ܈pUAu7 S\0\nETKP9m*At nA5DfT\0dE,qAQ@DX@@]TK ]@@@@ \",*P/A;**A\r\0 ܀juPl0 (*\0ވ\"@pA*DE\nPBPBT1_T ]\0D*\n@⊽Tz\"D[(%[Y* 7 buP\nnP[!A-G\"/(P\"ۊ  \"\Z\"A\n*PO]\"TBPD\n\n\0(]%A	押@:7樗@z\n~\"tAouCzwTEw A*\"\"/@\" PQQ@AKowDꨈ1ͪ\\f*	sfTQ~ET}2@G\0\0D P,\0P2IJCTꋊUQ8Ъ-BnlQT@\n\0T\nP,\0( (*(\'A/}ȍA\n\n \rUD\n*pAQT@(T(6)^4Aia@H{UCނ{,]蚞4rCX<\\&*jb8}醠۫dG,O?y	j¢7}L4mn㕵HU[(v[<WLmɃ  2/qQXLXct9w=5Ĕ_Nkl^}a\0ܨjDz\0?:K\0ըu\"/1mʍLWy\0B)Xz4ŰBp?oubnEe,u{&:1m\rUZMC湧7Zbħe\'xoud{*f#dFZGq9sh* AUPD4QDEUQP.qvw Ј\n Y\"\n7\"E8 \"AD f:JC#&fwʨ?u$\ri$YmYtyg]ۣ&6Hl}ETykO6%ߎD=cO_)I\rKw9kmZ]՜B\\*Ψ!4uXMd\\;;G8sA6#/kgl1͝wgF~!ICJOMM!y<\0U_!|!3s;ű{\'RL{\r\"\\H]#<fVgVGNqZ\0G3.b7h TF)w#}9;=c/Y{,;;m*pͶik!\r>[!wWGºf(-Q]}Fvꊶc$2F5{^V,7zmD*S>\"֒޶Fn{A \0^ߍ)^j\\/	mH߫O5zN(\0>ŃYi:GOg\\~.i؈2cp\'hb3&d`!͹~f#qi\\G-jvT步qq\0ݡ̐ni׼+~ıo$zh!xEx&β?/a*_&f%\'5Y{⦇y} Bn+cGî0PPtJ\0\n]@\\uDAPKAY;o5 (n@ARDE@(\"ED\nml,9G\ZGzI)ik1!\Zi]Q	9ČkU̖G+q~↺\Z\\ >ZfGgc<{x,ۄ\\Q@KnvUv=kZ\\MױN+h֪cdIΰ.7F~hpir6ܖ$F\0.PŶ;%$W:,5.<]-W	OUF6=lKUGh\\64;ҵύcj)g|1(wȅOܬnYjY%e^As$;g=)<:ͬ;|0Q8lt5U0ޞk-ww[<,lU3R\'i\Z\\Cgzo%+ғpߢ;9VRCYI\'YO6#ub-05,vk~i&tlszg;uW9rtB3.\ZlB`jsYbnÍ\Z.=Jv)k\r{jI|fּp\\Y}*j,a\'kZH߭\n1۷w;⹶Ty^u،FZ\nTl#_m?Z`whW  $\nDAoknPd\0}Pv!  ! \"!dPpDDQ(8I?uTpYBpcypY\nhJqIN[:J1uCn=B:\\w&Mf/v5ctY	@-\Z^+|=EiUW>)z\'ײ6|.r{(\nͽ1qT\nX4}\"]ǍVlDIRMk1x=uPF+jd3T;oZ\r4,+V.3ݘ;6_3\0T*jC\'\\\r_\"$\Zۂ	3DݪaqgZRAm_xaKgMTG|\Zo?Ú\nfsGڊOb\'j_⭆g[plc	?o`ؓ~E{j-9p;wx\"<3`4<\r#8rkZZR<G[B׹}A\0l`\0l\'AvioH\\5a285k_7|>]/l7l90F?\"ֿpk^jJk%ߔ_b_06U\0}+P~|Pr5A\0!\0)䨗E\r!<9\rA.  @(!tDT!A@( P,N!@AN!ܑ\0/D3u4^,U퍐b B\rYPD\ZqԈRyIf	VPqB w2tl>eoI2lTpf!tim+^DʬzFrQ5>?e<jF>JW12MPnnlH~ݞ<u;e:Ak`Idw=nQS.˙k	rGi\'uoTI+if)֒!榣-Ug23?~hLz: \ZDğj#ߦcG_bҵXm,\rS{Mp\0u~)!+hImD|ZZr]B)I^yhw.\'Gz7#+TБ-UcXq1ȸpַw7{\06}gy{ibRu`\"6\"OK`8DxkS3dpIջˌm_(c\0kî\r4^Nn3ÿlW+m@\02)oǉ_6xG9r@WXAd\0ym8>+ujQJV?Q 	:e	<}Aӏr}^\rA܁\n-\0 PJI܂hb\n\n8A#ۊ \"\n!\0EV ۫\rO*Y>\n?}߼V=)4~}ǂ30{F?\0ƢGm\Z㧩=q`[tʳSL?٥y˗cx2X\rnL<tG=}54A[9Ҍ_\'/<ցGGM6m<M}QeH|*r/HvNaydak)fǗ.Hk>B\rjcc!\"Jٯ\ZOuw܏z̈́*BY\\9ڗ]ު]nEi0;nKy\\t>Wo1j:TW\Z\rۉЬX=b/mZY\'X8FyjKfA\'۫O] h\"kv1oi4v`<A88&S;`^zLmdE>~Qr}w+[ja4`$$\Z}iU>$wBGMY!5eϒY*b|I+uX٭lỈ^>Pf\'OT8#TO\0gcɞ~\\.u]&_R:bp{s<qUt~+.SQzH|[7\0Xތ;]6,\0t\0j{lTf	6*\n-(\0!\rހI/=<bIw -ma}~ :( T\0ED\"   8v!\0=RCu{F~;\0PcǢm	%_(]ֽh8&F\0}[WB:6FbQ8ٱH9K\'*Ŷs-lq> E6$\"dm\04F-ZWvkZLoxggzu}>eX0X8h%=VӆAniKEaFB\\F[|z˯9>wR0bэG;{g)0޹s\'{^n_I썚\'ZH7Fe=4SմY@F^*8%s\'*c:~\nvޜSmMXǘN=8vb(6Q>9Of4>V~lK1#/OcqvxGKRX%hvXGHzm4#z]u=TCWkZ}CtGzahkMLֿRIܟLrR}w|V[k50\0f8#gtǰZhd@ 6ך$o	\Z$sPGnA;]DPC	F.Tv ފhdA@(D\nPD?}#L}6b\0&f~D;Nr/g [\n}/mEiWJgmf++K$W)Zi&sHq8\0w$Ku/jsk8}؁\0ת6>ߕ	v\0k7\0>Ǡqtկ\'nZk`ٜ7Xݮ8Ӝp%\"_\nJ7VMLƎkZxrue8.9,;xuˏiS?By^_Gl֍\\y<x;~\\pw=Ƅj=U7%׍h*X<Dd9\rIkmlW|ecKSSGl²\08|Byc-.CsRqr2>̫y}.O»U]w紟Wi+MIARձ8\05eg_<C;9:W	\0㑭oW[&G|V]\ZAzDd5lPTj*Z.%dsQN=k^U8V=:pAvT~/h?!iL%FK89Po E$n}⨗<9ި@nnnO	m2<-ǚvA܀(@@*]P,DD ?3|Q]Ko#c~U=\"mhcx		Vjǲּ=fa#H>ۂs _m+y1و`\"t޺.I	Z޴?mg\nLP=W%KI6I8n\r \\V9{XW#\'П5EqJ\\b{\\ZP%gpQOxGf|j㎕U0Ig[8ӓVYShgJ˜]\\Uk& Lt64i}F#(&\rAՐ\0e;!\nXEd7+#[6g(s-s\'pJv9\0%OHp7\Z=_xtяa#vosmNkQ<#R\'&~)GIWY  \\Z=oGPU$16vy/\0oW~RT\nzj%<m3FכQI̪lr\0uqo^)Ǘ<VPƲ/aTW\0NU]HZF/-#P~QtTr>V8|j\0%][IӭSo\r:-3ނ˂\n4m\0kqT@PN\nw*!ޠ0~P;AstAAlEU\nP\n!@A_gWv2s>*F=4ױ:}`OA[R#ĀsUGuw|/.fY#/RBVϺ,b_q\0o\\}\'&ZGo@k,X-{ewTAtV?kD\0[uScba5=V&yɹ.1$}\ZtSܕ9Y|_.f1LF\'H.:?lTV>2ra[%T0d6N]N^IZIZ[+\"aІ\'vLz5(i#i?vZͫ|Cy&Fbkubg޳<lɏn~Wȝ.xw]PvQ	gv[)Kt߽+Q(X\0^{6\Zh_(\0\\~GxY\\\\k\rn)+ak,]u\'}/MҮ/WS:g#bn6\0.|Ěa;<Vu`7\ruz\\}<\'=u[\Z97?PH?،_G\Z?F\"EQPv[=ɄcdI3$#A6إX4G4R>7sk*\ZoAAAoP@n^;N1;w*2(@@@AQ@\nDA*\"!@(?O^sJl\r/-7sG!Hz\nf*⥩Fukg4ۭb}f)-Maw{z	c^n6RW-v)2k?:-Vb5\rb&|p6KYm Ft#!kx.7|ߦv/3Uan2\rL.wT~rճ.\r=uXu3υ&KiWlpGVaC4p-n类FwHsG?%0o:0}׎|QZ\ZIl5ܨ^>SaEϴTYcl\r,4-{}\nk칃=Ua!r<*cj(xk@1AC,):wh^W!&1ɝ0?,27% 6<\0ǎ}||ҳ(\r:u}O,_HO\\!xhG*M$mc\0pFT=,i?60Ɗ;g455@,\0i\\P|\0?Ӧ\0ڍ(#C\0b?2:3ѝcغhs$ߕ`TrA--n((Rlq@\'	A\0\n 8{G\rbJ/x\n2 ** Al   U 	n(!@A8DX$V<OVg4*O6>#\"GǫmW\nƧl%Eӑ]xWS#`e ݝs	g7\0jjcnz[gg[p~G[թk/t2ɦg\0q)cHFHj|BKK̑pux\0v׊.+ZX0DSF\\ڸ۠8LF>)7u[p\\uvw#:9sj#z*vgF>7>+Cf\'\r\'ZH?6\Z5P240z5\\FE#Y\0[o Ï$`C[36\rL\\:Gzi^?omcqMOUǟ-xslv&/5(!.7|#Q,pV}\n6 @ݹoYm0*9G A@Df[}+-Ơ(#Db\0b?#FYeQA@3T}7hSm^#!h\0[{IH>Q\nQAR력 AěNAܨȂ@AQU@ToT\n  D%7Hb7ݪ#^JH+wgr\0AB*nVik\r,&\\7ewj)m+`};{=SWu5\0]F#KYbJwu\ZokMtc>6hq`޷\rHY\\._]<Ȫ˄mk\0ܬn:Ea{ao矹k\0\Zص,ruu~Ptn=|\nwا%k*©0]A|{wM]*1\":*3l:HHK<㎯\rٺbSG,v? -x\r@#_V#_AatVUs^(箍vqB\'Hae3L:k̴s2F5joFQЫ,5@A!>y\'WV]#QtI،\\j *;,	ƨq8u$̐ۋA6 [OuTf):cAF\0 nx/t\rςO QFJS\nAD\"D%(L~)㴸.!Plao$ѭhJzq1\\II3QㄸG0&\\9?t\0f#mn6\'s\"w䒆wBl3as\r6V<8z$|z*y)ec6>t-<]#.wSxoxsn7\\ԠD`Qaf-BJ4Ա8jaQ&)S\n#9?Vl5|_b䠪#gd\"TƵ^X8}L55\09b3-?i\nkâe<904:Kw2h?i,[\\z,/b\\T$\Z|tr$v[{%EC45ǹyW_vIvV88j$u;AQDӱѶ6*vB<=ܻA~=L1uEm X#ANW0UFA,|\09T}+.ңNo#UGePB3Ad,WDX629|9ƖK5T{@PRnPgr\rAP\Z^\0\r D\0@o Q܂_Br\n\"** %-)\"׊Gu6=1c{̹msN\\.u53Hɟ7^[9k8OxбM.VW{+_tr\0דهM%SgD@YNr-CG^Ɠ}&Ȍ]QPq]FkdcsOAO\';(&&e6b=]짉6M%:{*gnXZ#`,RS^[t1ݍq؛\'O#u!iD^alKXyZG,ŷ\\Mza|B([]䓼kF\Z7D_V\Z=͎3661M*kJLr\0}61PkN*YY-pk\Z}F[aT:h)Y hd1];3:Fa!N.Zx7PT:OQYu6mb\0b?FB7VmވYҺhCvj=[u` 1+-IA6\Z\"*,,cd_	4{܀O\0|PcDUb*.K5DEA\rB\"1 \0`-0o5ަ H&\'huԞ9j.pgdiy#_V~8׻ѹ1A&sôoaĮ|ټ={qIpE\0Z]nFIR^\ZEg@>]v% ĵQT\"!Pʂ%VYP\\V9 0@ 7OE>▒XH|sK]5XOGudSX\nZxK1푦Rj{66eqO̬B8<˝6ա5Q;\ruU]Ut#?h}T\r\\Ht6Ǎ;Ie&ŤX.sbrg/՗G9a4؍:mb\0`?Ge\n\nЩ\\TEth6 \0JARօ9Ap\"\\ J	}F\\A/rN8 6ʪ(An@A\"]%*IABGIBaH&HecRW6]Q1	ik{6@\\9t6}V氋zU{$zJgid\\kY~zg?\\dy{?}UD2&ҵRfܻcm1\n2KU1ʨ&U,YU**(P,P`	7\rn31$k_?AuU׹t4)N(q,\r=P).leֻu^CKSD)0.(CMFd5Tt\r	hh$	\r\ZyOWOoad+H\ZonAssŻ-|V}F^α\0zT7\"}ca\0P|-\n4AQQ=?F`JAXQd_Dd\nb}UiC~h1uA	<,lp@6+JVU	APDD	A.]A:.Mw⃉ՐοEq\ZO\rsˬAk$nʦ08nv]k87c䚘E5Q?)UQlQ/w*/}IpQ[\\} !,\\eIAs0	lgݛK/di9;M|hU=*#!e3XΩkr;l݊(YP8cё5\0,/Kc6AwƲ-u81o+}/R\ZloGmAT Q6?\r߁V]ֆ\"AA}G$o|S3eq(1PAs #z5(Oܨ2\0 -.P[@QT\'Df;60:ZmKH\rh	{\Zv0ޭ(k\\BuH<HiKr|\n\ZPU91>*ɇby!u1	4R<=tC41osh$_npVb|GQsCLkG0.t2wU\\d p09UF6a(K\Zs>I?H{PYJ2hT=Lr61ޚGޒ͸Lf1\'r)V<b\rTJ4GsM\\x\\JcQY,..vج_-Q]T[{R=7Fۜ=__iAkڨ2iAAO4E ^MȨN%hTQMP	D*!V@]&d!(!r<Bفj(!	nDT1BLq:I,kƂ-lJWϝz͘ԭJ[qu*AK~CeF\r\nۏ,fnɵ1K}$tjIѿF=51\'JNIOlٛͼ`u\\Ԏa6Vݲi;[[Ze[ni׻0Iwz4H[AN\Z֎;S\\J>dL\rb|$(k->\'44сBhX7TH\n\nd[2:Fg_Dh6}jMhjg:ƛ륐({+0y~d\'G#Q+⎝Q\nE ;\r}P`h\'P`i*UFEzN\Z6`@|\nJ3  H5y?TP8+]@sP qA(&nJ=ToVqPKYUwȂtT%3rE3hf@̃2\\Y:&]ɱ6Oq:3*Ƭ=9tdYQ,~>dʾwO;K<G.is[_kŷ)Kc*@<zgfӶ;zy/Q9YM/̦UlGŉ߰^ۋ>⯇ij]1a)vtgmj[a8h1SɱǙ!I7?\r}yh9ξ;Q9n#G\\n:605vܳ\"Qa9n\Z\nҚApZm ǋAM)%@M\"zǛRmcSam\0q*pWq6-:20;ۓMiݑ±:r-%<qD=sJNU(% 3ШT_EAQ0Pי]ghn:9$~nu> kFb4W#XPf\Zaw(7\nt)\r%Z<;3sxeͮ}u	}Pf*erCVDknׁbA	;~4P9^m]~)1VKS%{F\\.V7z˻E^7o3/@/@/@.x f@.(B/Vv{SEiF%!zfA31΂gAT::d\'Am1s4+=seFd[wUNP`#R8|Q)s}89nmCh9\Z:ږ/fѯPPuOusF~NMˎG|8?ָc,=w;)p`;ia7[xBz&<1ܓ*v~ysԲg8L\0d09=*JxM-uUC%t_k9\Zӓe[_4dMꝞ\n_GsL\0=5xv)G!q+AѸCtԆϮv\ZUtѴ4gg4&)@ؚ8D` !pYvI?m\0rF#-U~L*&^K5䄒LLA\ZU];/@bpƼ=߲AV461O!?]ec028>wC->51ͧ\r	4Xz݈bQ&K\'^HCvTԿ-ȌT.\"PGj@FSp;^~%D܃.̠ɲX vAwK\0qmn]L%>d<PC\'dAA@@A8&h@ܨ SG[@<\n#X͇R?}!>ӟZ# ;eO&, u3a73sE$,jy\\]F#Jq:an1=#uSlj߁_49;MjDn+?OjMUӸݳ0\08+4AA~VA6DPQΰނ5\ZwiQwkqޠא=ʊ&ho\0H4kL:8lonF[Fw@E$4t7t1hJbNo;!&\ZL F0=k9k+zȋZOfaÖe\rcfCEQ_:0z8j/SuTr=TE4\0±GCۉGo7gīj2J\Zn@D+!ރn&nk~4\'ЅQ¢[T\nG\n$vW\nZ?Ը(y(qAnQ#@s[4?z\0y$w hH@)yAbdJX*5j~O(W:\0r;Cw>GӔiXY9q$/=twpTrqԩWɧ\nloC(o%;#v>j(}6	N29M3m6E/v^۝6N\n;\\^sI9R-jwqmn=e\0Z:br;o͋R8\0e6~ˁb,zlǰ<&gђ&[pAϗ\rU]bsmY`=x_o}xFF\r[	GRcp@\0W4\0SRwbql>CugF|SGhW	3eLgF\0厦Y\Z8iSb4`^O\Z؋oG0RKZT|NeK<o\rS~\Z]riNeLOTY]CVU\\rFң!n*ʌzCEQX4\'@X@]+´KK,M;A\Z-j;ebj,|EV=M\\=4Ҏijil4)\'4S4وb\Zg[ziiti}i=R\0A]Bdhgp׍߁3ޢmlH0(x:	pb\"D0#[YV]мxen1.P3<\\AfnybPdڶ̫{O~^ԗv*ٹ}M\Zuσ-f젎9#Zκho5M] 3Nͯw}qa`\0G)fCrOdSFw~\njİֳ(ml*ʘtJf&nfxNlJVaO`t!4cN^gRO#mq{ʳ}K֒\rsieM#q@AATiFŧ7l89qT\\+J\0PSjM{1>˻0r24\0 ʃv\0+ 2(@\\ jPEC Y@=;(.        !A_o?pZ\0|%Ëe\0۪kw/{ۼ{il2M-Tfups.|WY$\'>R_sjF\ncP?ml[GU.7Wl3~uwϕogI.	q6ݲF߳7(9m*vԓa^AH#zpi:;ٷ_(!\nvEI2UdsNn#s<d|.^欝b \\.?5ֻ5] )\Z\0iH~NlkKKuCI)MjKc1:Qq,*v+6tr7Ƞ5[~t̨z.$wPNK֟ o6z[x4{D@\\)/mn4d1\n4\0G#1jG0=9fI7߼?}*Үj͜v\0j+#d\0pAb-tHbX?i٠imCكԠͰ4.;k\Z4AALqAa{C,ID{Mi12+\0éMtGs?U>PS*X%QYf\n6.A\n(DMBxuF\0 !@A^U}P~zr.u.rz?:\\xڷuʴ}Se(Cx{vz>YN\0^=#ͻrN\\s/nGEhr|;Y?m*!S-Vn\Z/gJ|pd(_x\0z茳8\0cMx\05nA1j\\:7R+!n@Ac{c:#!Hֻ+襡3pGmպjn@[{\0dge2\0ך.-q<7+JJGC}n\0%2+]\0~_LV]/p9K❱u6=\'vWS\ZԓۺrS\Z֗|6݊kR^5eo0غGUDov\Z֗d{e;i\0+͞2AXo/SBym3a 6eý8)#g_Pկ<\0\r2aetGH\0 }[.w\'E/f;9[Q#r\\{-_衧a6>{֥1\\#d=yw&W,:;sHPdPf9\"~(3 ]\nwU\0D[@\\fAt5壨1ytsH\Z_q\nL6/xs~-w]TU\'UJ|nBl\\m6RK\\#UGvf\\]\rĥHNhs[.4^n|_.VxwmGܬgN\0Ż:7϶6YM@hȀ.3<z|Ǘyt@t u\r_f_x\ZpHW}/i3\\Hm&Gqhft`4GZ\Zʢ{KIYGOO&*Eb}9+c.h{t!ʍRg}Q*)z[7:64=uFarcu5tSPъJhe-pu, nUPUU^}dnaf23=L#vn,䁴4L~k|⢸0h*\r؝RxWa\Zs{o˯Л\"\\[TNy_(fَ ky s9ރ(yhehYV<Fʴ2aAo\0$P3 cWXaNA\'AJLR-Z^y0qA_ԜE>Pvt;ՐˈK\Z{n䪽.I\08m܃v8,[0\n}ᾧ(UEP 2@AAAntpt ]AiP@HT@A	A*nĠpm.91l6:f^8z>]7zME\\Z?h}.lh<}Z❰&;5<tx~!zhlll	\'紞<o[kj.6GC5IN\0|\0z@,FָEK3ؘzk_h9Y˩o;jm͖v{wcī*v9޴IB̶KZe醼♇km(iYQDoH |N1UÙRֹdGo==oH58)iڌ+q8e,yW&6۷0T4խ:1Bp6,h;>!onvTxu$Gb7ߩtfoUmM3Nkx\0xu8NE3a8}kjYCtf&ctyy߭\\땍saqɆ(\r\\QvA!uʮ&OB`93\Zh	)ۗdkka{clC\Z&8jF7k0,B!U9!2OGd9BjaT\'6F785E6/HߑԒha|ƍ7ܠ֖<Hc48|~=Ƀũ$$kmۻyE?	\\LcőYy\\ G8wl;_AшTy\04:Alv%Vo탥c£`Tېo29ErAnKHw*7((- EoUAH6Al VTĪ!k x#TC	ku<LLIyQ\"jovژriIvO\rp7M/<!;\Z3t{v&ʁ--Q17E7y/ִqyiM,ُA&\Zқb`>-!;Miɳ87.;O8[L]@R{;OT637;m2;A^欺~!^cS\03>)S#=Mܦa莛vRuǗ\"vL9Ѻ\"ؖnbݵd}of󃙹mMrm86$*!p4^c~j0:z2Ӡ`c2.Ma4/dv)XFi1&빎QM5uFOQRj\0F4i(vjg	$oe-l63qldN1`hhJ]ѷߪ4PF?9iu3ܨvSc)^!q YJ\"\0Pr6TArdPr2F5=8*mAʍe((iQW*Ȃe@@[\"%]֙T     TDE,AR>E\0T7Wzk\ZaLk*ȝM!fakÄre\\5@\rP77P!0uO%L`pnL*\"5`>  ~H4&՗eܘcR]ޮ4,1-\ni	6߸w!)1>A7F&Ó4i에<\nd5.POR5&S\rkIwkU{-zwk?+<.&U1rFn)X=xqif4MZci@Xz6#n\'?f&ul>b\n-xtb6[p\n(\0\\q*J\Z,as+i;) ͰA䃐B @	(2l 択7iqaSHFG>Sc_T7D*Ue--  XTWn*\njePdG\rH\'x*\ZڙES^g*kTH! /ނ9ֶ\n/u<bhʫЋn9Z3A y\"8@>+uF\'9}&8[{*c$4m>A4Ƽ5D4&֓cp4Ƭ8WLp?zKS躅GE[Mo(;\Zm`Xƞhl,h3n4QY O\0&Pqb:k ݢ\"v0f)x<4B`i5Y\"iUՠdLUȘՄUȁ0L d@l)(;5Y[ **	\n|u\"4TC]e[sJOFE@=Z &JV]Xmq\r>(#mմ8qA:	!.9T9  @#r7i[r	7	쭶NA:@[}SHA:}/R\n-,B\"u (R	 ujVCP1O	$UGiOc@3(@,2R@ABPZe!j}T[*P.8vPiT\Z侈5\'\r/<\\E6X` A4PUDaTP\\2nACwFdTUc#͑\\!\"DS\'QlS*!.E&T4 mPLȊ[*6&(FZ\rMڠY*	\nh Tr:q,aꃝZAܠ*rje@Q,dwP)dU\"YA\r,UqꠙtDJ*[DVAAK\rAD*\"eE,JeATnS3#Qr(%D!APDA\n(\"q7An%A\"4ej+^9\Z(Pq1X(KcQP2*\ntAE8 B[ @ŕP\rEean\05 KceD	Rd\ZܦhJ7G0\n\n\n\0ށdP,\"YB\n[An1v\Z5Tpr*2KPbXİYAtPdELZK\"\0 ȵ)A2]RD(#\\ePPemLh(jj\nY4E\n`M^ȔTP[UAly\"==_D!OET^A|CpG\"\">H\'8Pb|\\oU-\Z=D>J#DTw$F\'EU#&\0u~w@H(wE=Pf<d<B7n\"G#H~n3wFcwF^CA\nA7P|kDD',2,1),
(82,'REgalos','Regalos',0.01,'favicon.ico',0,21),
(83,'REgalos','Regalos',0.01,NULL,0,21),
(84,'REgalos','Regalos',0.01,NULL,0,21),
(85,'REgalos','Regalos',0.01,NULL,0,21),
(90,'A','A',0.01,'PNG\r\n\Z\n\0\0\0\rIHDR\0\0\0\0\0\0\0a\0\0\0gAMA\0\0a\0\0\0sRGB\0\0\0\0PLTEGpL@r<ְG\rѩ<Z5쪖tA*ЅVvGyC1tj_kٜxYW8h=.ό;mVApDXOb N	\\??5i\nr6E#O\\H\rxhrǆQM幌r5ZƩWGN4!@`3LwWE/є\0BcZ\ZmfE|Ϫ$!>zt:~#rll\n~3h)SHt0L0ܞB4xϑwٙ`ԪXe%ja~0>lSo[t6d܋՜EȀBp5O޹d)[vB@\r%TыTe,VyT	GX$xu;}1*o;6Q0F2!5B(r0E+2:A\\̪k)*\r^7Γ-L#jj<s*-vK!CYF`W\rR,d5JeZ-|o)h`IP8+t΄\nO>Z	)Ɉ~7#ҺtŭUi[)^T >\ròM\\:3F[{)~\'F9pd}YzH߸J,vm<mN_J)egzWFS<RtWL}fQܦƑ_b\0\0\0DtRNS\0&i!E;YzWBr\\iɂʬɗ}¨ӾȧѦ\0\0 \0IDATxH/WR0)iri8hemEd?Is#\\U+Kotv!It܎&$=6?NJG}\'c~^157                               HUu^S\'OjuH$[\'{5B%Oww0sn:w:xxٶ:mmg	MM2D(+zD$e]S\ZD|^7ssU6_Y5uox=jkO5UZru\Z{>A#2hX,Co՚In6䆆J\ZM3은|	Z[\"BDri#rb`фӬΨ?\r:KLyh@Z\rwoh8YW(-\rhY971u;jaaCFqCE\Zr$!D<BLpM_qscp\'H8k4!B-DBdm#	r-LaP\"FmӨ\"#IHvbB\Zxt\0/|hKfzѧ!#7]8W3T8\ZyM¼\"!NaW>\ZM@0{}*Ñ7;͆GpάҒTM\n4Vk4#aw/o0S?k)+dIB* /(eA,p\'CO.]>/G^ap\'`BdL*λt4j:?:/@FSwnyG!!|B3(d䰓jf*[];y}^>.x08q\"\n>\\IB|XO3Dd1+\\D#k=SqY6V[:Ov&S/tnIRnazВ7+BѨu/V[RVUSH7sIƤs[Kh圤B2;`Bȴx,S\\*Yk\rXYmcųEfCMMƖ=sޙ(쇓a7%k.#uRZ61L%43\0Foy<k\Zq,IKNdEj24#BȍeY6$j+W*Bcm\0F,T$Y#F\\n3tn1#M)\rLMr<;`BcK3R-S8NT6ǈLR/	Ytm4DwO|~Lz2E\'2J@Sg9zǄJ26rV~	$8_ztZbz:oDr.ӽHTG5{\r︗	1Fc/f&Dϵ,QdfsEj痮^}_kV P!#Gp&LHx!U\Z(-Y!J!6+if͖8vqiF_>kiR,7v@cdC\"HFz{g]cѕBc/?e	g󇍽nMOO6hh$l/ح-dVJmxɘu\']Y[/և+h}B`AI~jW2N~/v{l1! )MT@x޾Z*]*v{Hń0xX)!v]HǓ#6`D )ythق螫Oop$a~\r!㮟e~IJ/ܟM@`:fRY&8|Xʿ&uhQ!!3)YBBLB=!6	i\\V+[lv{3A\07lLڶ\'11m$#S;婾|s	%2I;VsEX{2! ?M$r@4!]UoOwjփN;} \0Id.~@u@DޮTTJK;V\"1,R6~)I8.\npti%r\'υetvbE~6M}`u:D֮TBM{Z:!#8G+x,a͂ex,d@\0yM\"Ud[On+ODCJ3҄h\n&:)R*UrUMvzϒ˞@a;h&a;d2Md-2F>c\Zd>\Z}<t8K+KHI)oC݄S68_oS:3)P$8!c7mlH`$X3\'PЈ5N\'I%*֨[33:D9gFzq\r`gdcLaPl[h7	bc:4qn ]5QA\"\"f5X dVvd4v	RVipe]փ0/3rBX\'q <缯<>/ݹ\nCdj\n1d2l$4N7j_*,9~J%)p~D2~b:tyH_ٽ=6W dt2f|sgic/}cK~$z.u3__PR1n+ !!j\nñ DIT>P>\\}\\ٺ;oVO_K&7wÅ7>[˷Uk=K RoG9KMi	]yāj(PUj=PS#2\0.m\n3cx~G\nrŝwNvymF`aciia<>HѻПa#h?:\ZCUL?DW dSiIB lK\r&<.`8`_[5햞fڥt~}cv>/TD\r@ȡT)W	]vtq$\"	4ftĦr!c	!!/Bv|(oW/	Vע/_[{@N&E\\߉_K!Z|Y(jjնZ0\\EZY@XVWe14]IqI,RV	0aLS\\hȲ\\\\XOG/D^~2ݚ*Tg^ĸN0zƞ?tG7!\0rwYF㢳~r:@4\0|Y6Ī#\r A(W^\nf+9dɡGEu2_}{[[%M\0tBXzA\Z$(!9NM#.<GV~.\0d՘5\\$)芤,jʕrMlqVTE}v^p{d*إK3Eh \raLk`BFtfCSJPcG^xDXC-ӶÞRiCrU.6݋z܃Cb_A:%Y0_2j~\0\\Nt|y^k#7*&Cü\'6M%q/R6#E&R욑.vG27sigc#yGg=Yg)U*8:uj\"3|CZ E`xQb\\3w*H#&f}Ŕ`\rAMeA#%M񃴬ƵZ|9tFVCQf=}fxՍӧOPO4Bk2HD̛:K;uSs,\"YUV\00]1<~t}]qB$Ll?\"RUҴݾ108<oc6<:Oh`C7n;\'iZb\"ШA8*R~#%]%ͫ\"j\" )+{r\n}qlI7+,AnZ\r==QOc=9kG}B2zFEX  x<\"8\"b\rmApXYGt\nTB!5\\CPЫ$9\0BLnߌb~rC\"QА^ɹfh<nHG\"\n\\w/\\&#IbNh0`yOv%R~BD!uwSteB}\n8Xd\"$3\"=x?:\n)|y3aXްkks^ʰ\0DD 2Iò@th$>s\n*I|ǽj\r\'*.\'t:5 `8\Zd58.]BPqW˷y*jjh|G֢|$? )\'C4P(Q_ȗryt!DD	cUF*ksS]F2s0&NMe+OEDucy94^3#d긺֔K;W+5&,/CocFl\0z }	:<\'\0R#(AK\01<9,@dcX 7gcys os\"IJ\rH	*C\nA,.\"/[xIiPE<l>\nAPِ)޳8ՈHlݲEpu<6s$R\'uݡ9ǵPqRByqD,T:_W\rDԡJD}W9@-ڜC,ሷMcW[LG<6ǷN{z᧧AꃢFHPف\\AEhAZoQ?āZ,F*ko	.(rN!gJ\n& q\"_q\0o\nt!\05P__H\reFT3Rn6dmU8}okG\0\ZOO~*86fdR@Ƈyr&f%p_25@&[n#FٸպY5u)ewխ$a!Y6/L3>dd) ܅s~wLgn|~3Yl<6Q3H<A?\'?Ycm/o^s޿F.L	Pt44ŕJ2v3=otS$ARݹif LS$a&S<G}|亇;> W>?gcc\"a#C\"\0O H`GTAc\0PhjINtFqScb!XH^}!!9Tt}퓗^TPadqeqnN\0)J썮0?ߑ(\"AD\04C58?pƂijN@+N>\nxtB.둡N}ˡJe6tijWMK+o0}c8DxNlÇ_O$	5C82B!\Z\rTT3W:sl-Nq7>ƧFxߝ[sO[JWG\"cQ\04eXl\Z\"et$ZL쀛4HPH&j%9!ΙHdN/yZX:fŀ?nܦ\0\0@-0#!ոu\\Sŀ?e	\"8LgbvXdV*q!uK潌D:_.B?{>A\"ߜs}\\KEn(ʵd~s%2	mfIHW]H%TT\\ aRǪfbM60`xFHd~yts\ZA?~⽽_}oͮFQr+\0̇ ?\Zc¼\')˓Ј=)y/47D%Y*fIcSX}!;0e?ŕkCi:(tQD.gY5\rD#wx]]wyFh$ӖbeCճhvFf,b2sRҙSNlbe	\"@&]G,H\r][G@#iook/h;H@4)U\\Pa/|0#\"g)Z3/]-ykq1?	YXP4oR \Zݻ񛺛h*b! /ERB$yVKm;4h4#)Qkt3/c8@Ok(,O%;G&\\hM/M\n?k[&+b04:0Pd#<蹜|P\01X{%wHY~x-B?x iX-Q.r*$#BTB|X\nL \0hEӌTjj۶(|exz\\{ &$=bX9@P!(a B0 C𿯇xbG:\"h\r#\n`T2e@@vy0uAe#7%0\n[XDls*kVkvkXniD[E5B>V`j)[IHܡ2D|?X<#\"$@\ZjU[,`lbT(ZMV~;NHBQܚ8Bw#h*^_	>D46k*ԀFB)]H?`qsf\\h!u_┄B!O%iq13PjrCxB4?VMJP(iZ\\ľ1T)fH@<PNQ#qIlퟲB@q\0arKgQj3R8\r*Ye:N	 $0$\0&\\al\"RpfgU(hIǻ-SH3 %\"yPa+%\n{fR\n rUd2<Wlҥ뗮s.]]e\"DC@J(dpr5xJD<]F!5_WHqk^RGvt!z/ĚK[Ȋ) :!0] ,ў($:1UK\0Ljˬx7xvvvM\rY#dk;t eZ	Y\'=PH1y\"L!.PB+_UtPY\"%bXn\\3)(!n~tKɔO(tHB2H5N+6mKM;%BQt+]@8e	˒D!❞r90!0$\nBv$\'\0f8N\0!z^.\rR	\"G#taC=5dA6SY8 C[f.or\0B,($bLSyNz$@H!@L)R)75!o) diɺɊPbuwF#1IRdwCWE#\0b|)I6Drue.\nힲ\\ ![WZ=@\0Z9\r6+D1H<\"+EY0ĵa<$\Z\"	B;˚5S05wivoClw7=scpg\0\'H\0 d(0IpޤWF5HEJU	5L$n<LȾr@<*cuJ\'I_f9eyH)6BJ|1miMtMd!}sl\\BbfUȤaRWf%NY_)O!@떼lW!mwtv|k{{{[[{\n$\';Ц4_LTqBoօtf*\'&$$͗I̔mMlͰ,v-*3&+6TA\"SM0NKFl-9\'j>/y眼Y;tЯ\09l	pY\")\0\0 \0IDAT*d+d`9eAiKvBYON==ۄ:wmmгÇ߿Ν#!]z;(K\"\"Z}@lqZ抏(ERƘ2<ai\Z=;\rjAhi<{Ǩ\rGe<z(h7&jd\nXݜg+U4HC-<XwҭwT\"?a8㦳@`GXn7}HY:EJZ?a4fNS\0~MSgfܩ!U;A 6Cz	\"\0L5Whl/-@\Z\0 \ZpҗbD(\Zũ8*8xG6~;NJ,B\Zc-NH40-澖*(\"ÀO?\0;`MB,3w)p&Bh$B-pFHy94W6UrfY+\0`X\"`RihkYp[M& (h{.%s,=ne˪I8gO$F\"Bڠ\nj<}7,$5Эn{e-\rJ\"VBƀn!p9lXK.i/<o.Ģm2J *_.Hj穰ڻD\rd0\rD.kه\'HHc$.Qa<\\)W*\nu\ZDF˒ȘQc(6i3;R )FRB]}^Jf\"xJr@îP,4\0qPIB\"I\ZlT\rT\09\n\Z,eb0`*cXm6UZ=zYA\\~+Xhi >u܊!_pEIL! p5\në7oZ-\Z?>	\"J6認@ql`RS\ZAK^rc5pʐ3Ll$]~Ȕ(u4`\"Ы% @(,I=1^Aε)f\"ѯ#h4|1KY(GiFm\Z!n&\"Ґ]+S6@6܁Goc!ßZ~-OJ\n0L\'FJ1@R(ֹy\nDi\0TaJ</Zso*@Ak\0f(\\\r9è\"/9(=\"o\n@X~\0^1KX׮rmnyӉ%\\oAZ8DY~E!i(깬*4>.AѰl:S(v×V@4,]G?ݏW1PP\'xWVbrȹ\"2dt3jo](v3(l(,Ё4Qȝ<@3ۧW-02u`M\rh&xx*A$^A 0H$j/C\r$DZ=JtR=nA D%!3/+hR)~M+5-4M2r8}uw\r50&1JPx\\&Q\"EntW-	d*;vq8\'^%8⣷_->^D=_q3]boH\"-^!fipW:\\\n VYR I|iDhL(&j/.,.,,.NI(\'C4	V0*bd=\"RDQ5h}qdΥfb%#Il5^X\nxґ*>N$\rt<8@t\0/S=aW+B~fAWE6>ܜ%jH0XZ$&> !diG`z8G<7&PNHz}.k0~+*84dҠmv6w@v˒@g2ͧ?Ԙ;diT2ցpl|\'!By8qH\ZRNZp;;M+.\n4z6X<uK\\|߱z@zY͒U<P@G g:8L>pr`э=A0dq+ztUCqxɼ`GFñVkbeg,ĝ9SDci=TQP\"t{x-@HsB\nW4khaez|[\0##xVΟ?vcby\0&ۧwz}!t ~+,3):|ɓ[O,shjNCG$;vԎR(~+ӗװ_--tlZ?6=:=M2+_}L&Eָzcow&݆!C{Iv?xҁx#`d2Brנ]_ h[hbmc N\r߃c3e|ukA}jH:$99_4v/0D+X񑗝&rdnoC<e\rI8$Η}P^b\"/RO\'陱+b3|2ubի˂)#BXNt~suQ3x_-\rߺY|kOe;CR \Z!edc>ˤ\0D^ <ChT?|c_| |xqYxR>\0񹳞0t$qCnc(H/$I3Dmd.jmgxJTJ0zRmSq+1Cc*,<Șr ySo?Ff&|rDPD\"+NN\0bZqD~,o܁ƭn43P(t=\0h\"kToiF<5m	dx%2BdQ4vWrD4J# יm;ieZȐJ;4I}կF^1;c 74N%h_OעMos\\5G..#d|uAքR]0YEn:6DAAD:y\0qU)Q\" HLG@|)%\0˭ S\"./\0H,[&<,4\'0 )\rۀM0{\'m3Cčr;R\"VO*8\'9}7 Ȥ\"/zex1$y\rzd\0+EButh&LV5ۍ	sv\0:j6mG\Z*Ica07i=CB~l\'ͱV\0p!yAH$!@p\"#`Cf@!_ny_<K}dH2BY]@p>`APAYy<OF@ppUS)A]ҧxHh\0CׯbGG2<@4EpHǿ! EicqlCg۫%A-A<gIbo[9āJV*U&k2ITT0d% Ʉ\0${KĒOk{]~Rhӛ_Ć`A%>zYCܷ\r\\y+:s;a4)1C*.+Qt{lD7z׬)!\'Ùi7G1\n>Pxkkdf\0 6lA!tRtVU˲B*9\"$@FI\r1A$C!Ru[\'+z15@<xzhC}ǲ|IAD6X;]Y7` `Ab{jV9+9PD+pTP/DD̐Ǐr@8>>1ONw{OxpK⁂k|O%o?=\r2Br~IKu˺RHxbeɪ }Dbw\ZUŢ%;~ir5tt	LrzX5i\0H1=8fRCt:5\rً#ʐY|5DUҌ:l8~/.Z,`XuF X!uj%ewV˴q(2r\n@!tLZz5:>	ڎMl\0	1.=Y!5y{IxH{7nn7/+3eA\r-&bmanR00$_Oٝ*b~JC>iRyXhP]9T aҽ!@Vӻ	@UdS:2JJYC@lE2@* \"Q/rdS.$	gP!qۛR9Bg!eiRARApw|$ࢥ1^Z>\\qr^WB-&C\0\'\02h[a S6z.ʍ/=ٿ`\"^C2Ԫ~t.ϯ%4Ko.X=ץBjeI@Jd1rrsPWWj$)Ul?%!RH5+}BdB<0g%Wp[,/;~EaWHVa:z;6U]]^VZ}r	2b\r5	C`݅{7rR$L1! *\\CJgkF\nzפ@lE4䒥iR\'@\"V\"eƃ$u}pw޾MbH$bOK{##rRPG5pݜ-D~})!D\"PD23K\Zu2_wD`JǷAq}J@YbZ\"Xe9AD@; {`|X,>o\\V	9Us~?ø}A9v}dhP C>5LO5~t\n.zu5ʆ$@PeuN\n \0F=bCXW48\0\"I\"Ih퇎+0$~xh!W~=#J6(m;p\\gfqR|V8M{## 6hPluq\ZXyj瀴!>1[+\"-7\r6tHx<\n\reŸ8t\Z!IϏ7V`eV #ѦoYvf?ލ^7F;X(D,XxB}lж\\o)tI@:,rG\"o EP{s@8e+YK-0?$J:zU:)-*Ctr+\ZrUSNg(;6g7,Rv$LHz( [URx7e!ѽK7OcBO;A,a&[\'\0a\"ς+,--8W%˷KhHm)?&>˴}a}۽eOJ$4&m!%/c`vG2S3ċ>q`RLL\"|xSW<.L{(HZirBBVwghg\"YvP77\0/[zyY\'2XvqTm7Dp>/fDK*#ƫDҒr:uY\"\\FcQ9է\n9ύ]=Q`p8B1ҿqOiMp1.\"bxhĦlw(\0gzs;T͊0\0!eBt	!vzCr40$*%}>}O!@B4\Z\"~2GÄ /%NۥrH  c̘Bdzr\0C$\0RDj[	iqcS<hJU#H\'[s\Zr]+ެP1\nQ%$=(ysc75Ra_>s\r	ޭke!y\0g?-fǲjqH`Ut8C^@00Y?drnRNY4u	kND2P)WW;@,IinbwaΧ)`	!cӊd*AC,.@!8}/2tpGQmLN{{E&NM!*/+:v(	-IZN\r6WTJn播\r`!y¬SlqQ.~oyPAKSg%H2</BH8(84lJ!ӣ^DOT~\"RF{p>M\"X#c\0 ޵Grs[],Gr΢&&\Z6\Z|v*a¬ yqLD6_L	nT1#D#wjvM̸	Ԁ<0[d\\3e ծVè58 7\\z׎#!:AOY,(@\\INJݮh4aw16F {bUGL*@]<6. ȵS~@4yh%`:Z~:gnin}xB5wm&hfWM>y*rn*[@$[̄o9RXw$%TUfHHMpCdxvKXGӽd@))\"pvqzhi˧FZGss<CzUBh43)4y~v2,U!\0k{$5<\Z\r9d!8!Ǔ<\'\"\"\\$ 8+-\ZFlcSخ]ݯotwL~ftq*+㵊ھ/B>l<ɹdIl MmɢLS 9fPaE_y,)BO7(\nQNSp.U`8>%>($)~p;|s/IC)@t{QV\0G/wPi\\<uBr#$CaRi9rx=DSRK6n\0	\0@\\glb%e-R,8!rzJf\\j|	f]1HoD0Зvydd?޹z fH@0Qe$ /W\\f2Kځ\Z^F$r!L$d)ara{Mmyq&2XxR~s ҐeY,Bh@V\0\"y\'j6Kٰ}B6Ձ/7fkro}s>Dԍࢾsizr\Z+AnpTng\\+8Jȭt۫4Cn6F$wpD/dܠ)ޒi)CNN~կd~%\0h$YlZ,!	<aEz	{3BIa(šfu~\nݹb sOF-W ~/bs5  j>v|g/Ӧù!=H>GFӠ87wSYZjr	ʥdDDfI@puAd%ɼCXfSNLks_Dr-)FѢ5tJ(=|tRFU}bRy(ZaJ/-tCt9zX\n>WFVr\'U .Y\0W/$<9F*Ú\nRp\\\"=I0UK\0uijKV])[ܸa/7Mk>xX9;L=}8ܐ쥨^N9mpyсqP`+3377o0\nC\0z&~A]5K,Z\"lо J[RY6-)#]u\0G\'zxᐻRqWwC#WGȐ޽[T>a\nȰVQ1X\\2b0: Zx3y_ZA|-BP~G*3^9<W|٢$Ip%:ZB>Wrw>mi5	m]2%-	)+2,K,/\0\0 \0IDATR>422Vl8%,hB²;&),sh=󼲓IaYرz_\\a	tqi6_G)H[Ǌ\"{$@¡<`GqW}^Ƹuc nFrL(zVl8(2J;U\0ݥY[4˰OAAZmT7#[YeD\\:\'UFfޟךFiPx/E43<gh68%w䭫w\nI(r0	:d:lJ)ۂH!<Ȏ\'BpKG\rZUU++VJGTY/p,]GNcQĜ2L)~s@\\@T5lu@F݂⍌`da\"X1A\":avCQ!i\Z\rA/.Z]0%4[ Asx~~~t~]//}^O7\"#|Fu\0ͬp$F<??9\n#ZnE%H6To:fLi)aC\n1tݲ,Q\r\Z !x2w]Pun~z8f:0w8^(j)A\Z\rƸG*R\nP\'.(KM-z)M IQM(vnNtolWR}fGdJpJ@X\'K9!gOlMj5&FzOD!s0@)3vrufy8Lftb-=,Bhb!~cT(QC\'GkGOn<h43ɽm l:F`\\:A>Sw|Jџ[Ae^;x©XcpZƞ{RG\Zө6\ZA,_Nba0@D\"qA }\0<TSn;z|\\yzA\\(H\0>}k\rqL J5\n{Lf@`[;iBe//C:o˧牄m;zWUk {~fF/4qB52R~n	Ь\"St617竑 #*3E<w/N\0/@h\Z(Au\'aZ\0!<j?@(,u@a\"y\0i V#㜀I#N2{P[Yy-eMh2|$ѩ\nsQ\'xTvU5%pbJ։q4Zx~\\d_at?]K$R2NxHJ 2@=k\"a\0HF!`*졐DîުoT$Od,>\0\ra\ZQB	q!mfV/&v\0K`pyppxD\'Czˑc%W<h)%	2\\-U\Z:6j3Ӕ@?CHu<LOLoNOGy4!0\"@B+dXRHXG0)677Iu5InO`<LW	dD.0x_p5:3\'$hZY<*\n\0~LS221\"ϥ :<<H䙫WE20\r`#\ZB{#UÖݩՎ#~7PԔj$0ȍ˲Bڮ@S.[`\"di\rz\'X4Crv+Áu6X\nUTǏCT.{ɓq]g)D\0DWE]TPU\"4:.olS$_/#C.C!|g}ٺs:?}p!\\4i<t5T!*uj]J6h̘\n#_K-#@\\\ZB74\0o \07j X٭&qmEbC6eYHjѮt퍤l?&.p8pSy<xu6;y\04@ǝ#y4{B~R@e 8`;9,@v-U1z!.C< W&H<5hB	Cb>di^7<FN)+p\njD8~KJ؝ݖ*|-U/Rzns\\K=i|bXdȲdjw\nrz܁-/r7!veիWf;kq?:Ik>~%El~R|TBq ϛ\nH ᅘR(@ES-NT\\sgƺ9mX\n\\zwp6]BJŐ \ZHZep\\*X5It:g/4#)لd(tymz_Rh}>2\n@aBgakԒYfvEbڪ@.4\ZtMF2o2\rY\'Eіk1WfYm.	E	&\"n\r~h\nqLU{C˪DHiT_mǝa~wmiY2/BG\"xo3Lqڛ򢛟~M[8Ƚ%@R} \nAL쏃fHu^C\'gmz\0Bwq(\\uEA.8* u:-c&\\nwyh4}9Yـ9{ DTMD90L(\nx\n<SlT\Z#\\ףsWj|4nC\02zZQG:v(ŴJd\0D?)lR6Y(ƭ0m#г$\"\03n::Zĵxk4|\ZQ&Y\"Ě2txlJ%Avu8 R#4BT6 wnNZ	1ehgk~z Ow2cea~cw7)Kp9@x}<Jo~¾b(!V{\Zxק)OBd1*]\0]Z\\9M!W`0PVךuf\r@rBA%0EfUl/,Ez#rVKj5hYhƬ4<vוf|OȵD\"`Ԗg_)dV82g29O\nM?(Sa){O)V]}&4Cqg?TR\0rXY0ayG\r2KhqW[.9!2I$L[eb%a	O:c$I\rbIHB4Yp*Zk O ˗\ny5/(DV\0ڒN%b9UYbQ!D \rݔn*im^7\0[O\0WⲜhc\Z`4` A>!SH/r9rTJ^٫2/	2Cll6)N7g-2%>}gϰGW0r,f}cT56Yp~Y_[o)UN*7ʢm =[CtӁ\0YWzO{2sǧ>xZkb z0<yn۩[3J$DX+hh6Ǖ !wb\\L\"Ǧ<,w_% \nή)rU\\u{ӟ>;٬ori&\Z>\0nh҅vKҪAA\"]%w<tx\"%a/Ӟ&:Y@lY\r{r\nd\"Gr&hl]\n6r?ljjO6>_<HLغ|<~XQscLNFYj],P#hl&G@CO	I&\'cZ[}?^$cp|ƅd2ٵ<YV:QDA,\n­z|qL75z˝)\r Ư_XǓ~^!kٖ\r߃\'szcb<qc&b!_YXR;E\'(LXN|i__<t\0/6cq`DH-;?^ȧɻW+e@tjv@9~Z>mVA>I]<v\ZKyK#ИL\ZV k,߾}l$\Z(`⃟nܼ?+ː	?wwr*ȫ/U\"_8R=Rn;c?{ǁprv}-|^`%I-}W4\n*XT IloAM\rqe6]r,,ˬ_oKX+};!1&Ek7ݾuܽN[^?&a26ZV\ZD!cr\"F\nYlq2\0EYUْ%Áô7w3movBQVPAnbxϗW\r*d,|N|T\n] oi4p.g۫z`pU$k@Nj}W%D2l&DFS^}ǹhHVyp&9߭+c5/<9Q#0\'%D K껪\"mVl_TX7Lpݒ7ϐ`:qT\ZtC@r\\h4l/ͱ@n\0I.1HڤjB`N%DFa k0Xmp08\\\"zD=EÎXp\ZȫL^)UBFcHBkV7:LSbWRaWe$sn)||D^!Ƌќ\nv:#6.x?\r3`T|:wa}̝O\"i\Z̮IvO=ut	2mtlE3R?cb^\0\"m@	h\0I94d9؛e}},6/6*>|yz{H)MFrîwYcbFp\0d&VsCdP!T7&LBB{pe8\\|rmoi$uCD,6Q\Z9v91+@@ #hJ],tM_GZZ}EH#ؗJAwiM:zOZHQbj$0A5?l\"VH@\"xQqeO0ז-eu\01<ҋL5c?=wTWqqs!R4 F5\r\Zp(kFc B|BĊfDOVY4|`(blhykvTp(w	\n[ǚECDxP 鑂?;w.)humں࿺J1\r4kd]]FMl6˶4f]tO&J><))},V֫<5Z11۠U@q;\"LkXlt\ZxU$eɭi_.ݗ^zΥ^Ro[\r^NJW5aM\\^TԽCaz	$=3&LA\'\0dIe6Yrpy^Z\Z##ysN/ΚXH2q\nk>\'[%D@ڲb9\"<4;HP{ުq-ћ-$uSq* Sc^eiѨSeXn\"y;8aiC\Zh2ᮜiX74;ύPh\nl=`SNY.<*Vg4cG?^&l7iT}j{X;\nmSzL{AS䔮&@B4`<`?zqÈGG@\Z\\r躛vG\nI\'B&ߔk@ sScrFZH>\'2,jZA;;b\ZWKNsV47Jqd.@J/e\'&&B}-#oDv*VJNrU$yp6Y:d)\nY;H=fO&BrewO}#C3ZTNRs>|V(E ERI$bS]~omQVKr%/#4*HqGFfe.\\\"gD!rO8Xif<l֫R0ҫxu{<Dn;w혶\n< \rUĖȋ/)DKC?XI\0Ϳ5HQ.>\"V B:Z`}בudF`uIx8o6S9R4eMa<ϦR쎷+b	\\ݏmRhŶ;D@~A5/*^,B,:$FۦÓ^\nMTX_7I9J8ZDkδMf\'pn!\nE9/\Z\01b90\'\n>Yp\'|$҈4r@>n`bn%3a2>1Ӥnyf_!U#/.\n);]J\'[+P1.^22s~Mi\'ihK`i\Z?0%\"p]׻=4.\rer)ݝ3?=25Ĭ\'%Խ+$%/lp=uE\Z//,Y&b4e t^ H_brF0B4Ҏ#7jMp|5{PƃkkE|!xI_L}o@f~ҲAi%u]U $%*O4];ӈd}GiwDEċ\"! Mv|K૏ܓ!e> ;R撓Ze#_\ZOtH*mWP,F܁YOQǟ8@Vx2io9#5T*&\r\n0ܸԂ.ʕ0J,C{0JGr%8)G9;$\'d$iՀ#k@ODAx)$&GN_8]wF1<Uܑu\\jD0eӘyDp|I_*\\&۴#B=h`&\nH%[A)]03L\\t͉~Ϗ\'[ 3]\rN:PR#U\ZH--Q&NBCC1#kM_I=]U1&51AihI\"e;\\-4~H\'xd9t(\'=>$,G̄($BhN?2vX+y?]=M/Ɋ(dE/JX!R竺-Iتզe= 7kqTS1NڐN2A!H}q71 yD]<LUYOQmraeރ3w~!mYQ|XX+ܗ>bawKI0&4 2d5(0)f:/t\Zȝ$e&ńe\\(EԧCYd>n{QOsw~`\\iBCDdJ=^v9a->TH|;t$O,VA\"ɍǗ|4d߁Bv&?\0ds*0K9G@<F2kno#n]˴L NAvO?nΘb)^ċ|?5rjR!դ#bё@fİW쥼希K5xB%/eIJZ[=\0GҁH=|CrN|U!n@ACR`zBS\ndPD%;~j\\G\"F*p<-#\"4]!ZP!i*@Q,V+l˾w$Av q!&%8W-6ȗo{~\0b(dڪY~e={Z5:X\0BБ\0t4xJO<X\ZX\0\0IDATfż˩rM]_}4`(e@6xwtU/\'.\r/Eh*\n	V[$dM|i\nYlLDt\0\rb~]DlsRe0q\"5+x>E?z=l}rTkh.K xv;|gu\0i:NH\09\0r@bG{{otk0]nw>6t:_rZf;f\r|(kMR\Z2mC\r3&;,FH0U%3.\n>2P1ǫM}=}nVO	&`mLu*D!j:a$^5ѾL:흦Ҵ|XX\0kP5ޘlIE\ZEOx/>˷\ZBᾮq(bm G\Z\Z@y	֫A]0g{-|sVJ*	nzL\ni6LyHxR@\"<yG,ꋤwQ7\r\rqDͲD\rDx5ᛷCCC#ccׯbƁK\Z|gX\0Ƚkv59b8ܛot|	-_\\_(/у@v\ne6yE2Xz.ı\Zz*˲JMŢ#i_8:ȿ$TY*u9Ĳ6{ibZa#\"TϲlV	DQCћRsɪ\Zs(͑~`>FG? kӳ4Vu$=ýK$GQ.ѡ\0B\r\0gfKnTX=\r&N\'\"rr,RI;P!&brFEWls\'vw!\n)g%pM[L߹SS^JVx՚ԌK1P-47rwG\Z> &n\rTڬN nS۳CArG zW<YxKc#!C)sen!Xx^]p$+r8PqLXNٟZz<9{Jᨶz}^O(C`DwHpcVTQЉpIUйU1Vʧ`֨1EW<;k!k+÷_ eB-ftɹfRLOw 1FLv$b=1׬N})냉ZrgCѣBu~!	Xx^`\rT;\' ~͜-:HLi3J-Tq\\X|Jwi\"B)Q*zfAF\'6^l0--,agLw7r(.|2O_ӭ­IX[4\0 O\'4n3-c_s;zЍmn\nAx)2eՔHA$_86FXx3ykLQC1f};Ӕ_BxťR6\"ËkE$T	v?h+3\'\'})Zhi6ݳ5Xlt#ײ}DeyM>\r,CSާӷVVA:y!~sgwd7ur3\rdTb] ]R]Hn9?q$m[r8R1tvq|W2:R`䜿!l<^g2e|y*^iA*Y$1$dOONNY2$IO%RMQ؊,Gdγ|#@E*m;9y{\'o}O}MwPt\"@L}\"~V]20|U\"D! Gw	\"&.Wl̳o~k@eϾ\"}sISo6)ʗwʓTYX\\\\SqKY\rPIp1եr1٫2Z>\0_k&K0^O#B6<հ-PY\'AjrhUp!yӃ`\"Yz^ĬͲ\\wpI;63*DJ{	mrvPC{H{	 OS0ts`{Z\rJgvlf,V5ۗ{FZFt7F{\\ЋC@g~izq:6	zyF|<{3ZV^w9=JdM7tqCLN# :S\niPH˖0UlU?ݷV\'.<St/	ǧ0SH\'[or\\o_J!#VK<R+l	)4y@o0?<`ЧN}@B.] (K1CRA\Z.OlH+,+Hީ-~zëG,j%,6,<{W\Z&P#\r36)8	NYOeSMvGj_,6vWHNY,Dj\nWcUd{+iS܊$*3y@J?;Dd6x[FQa6S8\"j&Z4\"-KQtAKh4\"Q\0P2LxA*ǫ\'eCNFT}*}4o&hY!.F}\0[xgP\nAB)Mҫ#doS@dUՍWfIXϑUls{L£.]7**{K1\'1	\Z\\H*)Ř@LdqT:wk?fB7tv7:K\r(Fx\\_nwLS4=;H\'q^Ņ\n<ڢSt$pZ,^5ȯ:,HRM\'qWq*W9@ rê뷵9s`%=řq@swKo1XL#k<xO@Sè70xq^]6e˲d\\n\'gUb\ZI\Z,F\n!A1ܹi߿逥,o;RB	6E&jxВV\0>R%v.:o\Z?KRoze:Vw8NRv9R.\\@]o͆H\\a\':6(ڬjc`+\\w.;U,0%$b?Wu#?om._vxNpd.-Zna(\ZO{#M`XHAXt]HLSڂ=WbWH%;ֺO\06r:,+<+8zmWU%=>XJ:uj	fݻw^\"! \'#;k9pv߬6y;܇\'KV3>gMLO9yxh;vB0ȉpnλ28|?e^cU\"cYuKM&_q5L6̃eR@Dly3Rh2 (D\0It3ADR.dgE≷3TH||ώ#߉{E ɇ@,?*g쑢[z\Zr%kZͫܘ4_V7T	\0u(VVD<* xkWwFWeѩTw!%%a*w;%]g	Nh\0lHZ7QC\\Rm?NX\n65Ǐr:V7]\nLT:	:O\"s允B\\8 [8˔\ZEǦeW_%PW녓D[Qe\n]U	NpvF)\'R[XRJL^㊸C\no\"y\"aAJI9\"<O@!X<b-?xIlx136W}}\ZO$S\rxt \085AA\\\rقm5\'?^՛_@Y]xE+XG9ч !8<*o*p]Ҏ6	ʸV LJ\0a\r^)Zzu_u\r:E\rgm/5~s/GNۤE\'\"B\\C3fǘ_s7\0,\"*FIijk堠.Jx\ZT4\0S[\"87ycBq2Tۂ>r]!Q!r%;-qgt\n|ctW|-SIsD[\\wiiff\"x	b61۪B8ȢF%ZNzOGCo6k-t9qu\Z~@}Ey.r9l~\"e?_HD4Bĭ[&lGi2%(YSWMLt@N?@Tid-^\0kwƧKF\"3Pl6͍DU!`ፒOejtWԶ儠N}SBm[m^۶8Y$t{lF!dur+8\\f38\"/s0c\"(1(s~IewY\')켯{ޓm&_|Y >s6po!_社_ӕGTJ\ZS2ho^Zu[krFQL0(~8:3yfY[/=9At[I}~VyK^P?^_<HD\"F&|{̅1Hڨq7<L\"gUd[IfawM;U{\rBT۷-Ob#TݨJ?VK1Gu#\rz3\Z\r,jujuE^&\"+覦̱RGSF!ri_L&WG~y#+\\lirƶD&<=^SD1:9ᓹvҘ#֦+a\nqYTZ3	9kv}w;)t!J\\.dZ/e~\'Y\"%ۧ(\n]y\'$lGkqל˘̱f./y$W^%IQ*K4V.^l:5$q6~Ջ(eUN^rQqjSjȏ.zWw)&_UX\n)\"Gtj0b\"kP\nLPXンO-F6͘\ZW˟ɚ֖C	k\n}<ѣd\"Q.Tc0!LX^\\O\nǗȩqܺ21ihwnVo> 1$n_sXb\'Z	x6U%\nS(xٵi\nD0\")݂ӬnQ|}ϕhW)mT3h9Ji\\r&MSkj[\ZfhCo~7]-j{\"\nX?{K-R2e8JZG7lɡ_^p*\\&Q*U*a-J!\rQ$B2_bN:%^]	yw(TST$M{祌^8ބ߲x{XL9\nJ֋RXn[qR?Ln>,&ֆs>;=^/:h hzݧ\nruOcwsyR/\Z2{\ZmԏO\"\0\0\0\0\0\0\0\0\0\0\0\0\0\0\0\0\0\0\0\0\0\0\0\0\0\0\0\0\0\0\0\0\0\0\0\0\0\0\0\0\0\0\0\0\0\0\0\0\0\0\0\0\0\0\0\0\0\09\0,T~\0\0\0\0IENDB`',0,1);
/*!40000 ALTER TABLE `Enlaces` ENABLE KEYS */;
UNLOCK TABLES;

--
-- Table structure for table `Regalos`
--

DROP TABLE IF EXISTS `Regalos`;
/*!40101 SET @saved_cs_client     = @@character_set_client */;
/*!40101 SET character_set_client = utf8 */;
CREATE TABLE `Regalos` (
  `id` int(11) NOT NULL AUTO_INCREMENT,
  `nombre` varchar(45) NOT NULL,
  `destinatario` varchar(45) DEFAULT NULL,
  `precio` double DEFAULT NULL,
  `estado` varchar(20) DEFAULT NULL,
  `anio` year(4) DEFAULT NULL,
  `idUsuario` int(11) DEFAULT NULL,
  PRIMARY KEY (`id`),
  KEY `idUsuario_idx` (`idUsuario`),
  CONSTRAINT `idUsuario` FOREIGN KEY (`idUsuario`) REFERENCES `Usuarios` (`id`) ON DELETE CASCADE ON UPDATE CASCADE
) ENGINE=InnoDB AUTO_INCREMENT=60 DEFAULT CHARSET=utf8mb4 COLLATE=utf8mb4_spanish_ci;
/*!40101 SET character_set_client = @saved_cs_client */;

--
-- Dumping data for table `Regalos`
--

LOCK TABLES `Regalos` WRITE;
/*!40000 ALTER TABLE `Regalos` DISABLE KEYS */;
INSERT INTO `Regalos` VALUES
(1,'Logitech G502X Plus','Alfredo',130,'comprado',2007,1),
(2,'Klim chroma','Juan',50,'Nuevo',2021,2),
(4,'MSI GE72-6QD','Jose',600,'Seminuevo',2016,2),
(21,'prueba','nadie',2,'pendiente',2023,1),
(22,'Klim Lighting Wireless','Juan Guarnizo',50,'pendiente',2021,1),
(41,'Prueba','Jose',1,'entregado',2000,1),
(42,'Regalazo','jose juan',5,'comprado',2000,1),
(43,'a','b',1,'pendiente',2000,1),
(45,'algo','reglao',2,'comprado',2001,1),
(52,'MI ENORME COYUNTURA','A',1,'pendiente',2000,1),
(53,'Proyecto 13','a',2,'pendiente',2000,2),
(57,'a','b',1,'pendiente',2000,1);
/*!40000 ALTER TABLE `Regalos` ENABLE KEYS */;
UNLOCK TABLES;

--
-- Table structure for table `Usuarios`
--

DROP TABLE IF EXISTS `Usuarios`;
/*!40101 SET @saved_cs_client     = @@character_set_client */;
/*!40101 SET character_set_client = utf8 */;
CREATE TABLE `Usuarios` (
  `id` int(11) NOT NULL AUTO_INCREMENT,
  `email` varchar(45) NOT NULL,
  `password` varchar(45) NOT NULL,
  `nombre` varchar(45) DEFAULT NULL,
  PRIMARY KEY (`id`)
) ENGINE=InnoDB AUTO_INCREMENT=4 DEFAULT CHARSET=utf8mb4 COLLATE=utf8mb4_spanish_ci;
/*!40101 SET character_set_client = @saved_cs_client */;

--
-- Dumping data for table `Usuarios`
--

LOCK TABLES `Usuarios` WRITE;
/*!40000 ALTER TABLE `Usuarios` DISABLE KEYS */;
INSERT INTO `Usuarios` VALUES
(1,'a@a.com','12345678A','Alfredo'),
(2,'b@b.com','12345678A','Juan'),
(3,'c@c.com','12345678A','Ana');
/*!40000 ALTER TABLE `Usuarios` ENABLE KEYS */;
UNLOCK TABLES;
/*!40103 SET TIME_ZONE=@OLD_TIME_ZONE */;

/*!40101 SET SQL_MODE=@OLD_SQL_MODE */;
/*!40014 SET FOREIGN_KEY_CHECKS=@OLD_FOREIGN_KEY_CHECKS */;
/*!40014 SET UNIQUE_CHECKS=@OLD_UNIQUE_CHECKS */;
/*!40101 SET CHARACTER_SET_CLIENT=@OLD_CHARACTER_SET_CLIENT */;
/*!40101 SET CHARACTER_SET_RESULTS=@OLD_CHARACTER_SET_RESULTS */;
/*!40101 SET COLLATION_CONNECTION=@OLD_COLLATION_CONNECTION */;
/*!40111 SET SQL_NOTES=@OLD_SQL_NOTES */;

-- Dump completed on 2023-11-26  1:08:12
